GoogleID,store name,address,Sunday,Monday,Tuesday,Wednesday,Thursday,Friday,Saturday
Eis3NDUgQ29sbGVnZSBTdCwgVG9yb250bywgT04gTTZHIDFDNSwgQ2FuYWRhIjESLwoUChIJq0Ni1fA0K4gRz34cL-Xiz5cQ6QUqFAoSCTv2tGjuNCuIEYB5aQ6-hVC-,Tim Hortons,"745 College St, Toronto, ON M6G 1C5 , Canada","{'11 a.m': 57, '4 a.m': 0, '5 a.m': 1, '6 a.m': 7, '7 a.m': 16, '8 a.m': 28, '9 a.m': 40, '10 a.m': 51, '12 p.m': 58, '1 p.m': 54, '2 p.m': 50, '3 p.m': 48, '4 p.m': 49, '5 p.m': 51, '6 p.m': 54, '7 p.m': 54, '8 p.m': 49, '9 p.m': 39, '10 p.m': 24}","{'4 a.m': 0, '5 a.m': 4, '6 a.m': 23, '7 a.m': 50, '8 a.m': 66, '9 a.m': 64, '10 a.m': 64, '11 a.m': 78, '12 p.m': 90, '1 p.m': 77, '2 p.m': 49, '3 p.m': 27, '4 p.m': 24, '5 p.m': 33, '6 p.m': 44, '7 p.m': 47, '8 p.m': 39, '9 p.m': 26, '10 p.m': 12}","{'4 a.m': 0, '5 a.m': 9, '6 a.m': 32, '7 a.m': 60, '8 a.m': 78, '9 a.m': 76, '10 a.m': 65, '11 a.m': 62, '12 p.m': 67, '1 p.m': 70, '2 p.m': 64, '3 p.m': 55, '4 p.m': 51, '5 p.m': 54, '6 p.m': 59, '7 p.m': 59, '8 p.m': 50, '9 p.m': 34, '10 p.m': 18}","{'4 a.m': 0, '5 a.m': 7, '6 a.m': 28, '7 a.m': 63, '8 a.m': 93, '9 a.m': 100, '10 a.m': 88, '11 a.m': 76, '12 p.m': 71, '1 p.m': 65, '2 p.m': 54, '3 p.m': 44, '4 p.m': 43, '5 p.m': 48, '6 p.m': 54, '7 p.m': 54, '8 p.m': 46, '9 p.m': 32, '10 p.m': 18}","{'4 a.m': 0, '5 a.m': 8, '6 a.m': 32, '7 a.m': 62, '8 a.m': 76, '9 a.m': 70, '10 a.m': 65, '11 a.m': 70, '12 p.m': 74, '1 p.m': 70, '2 p.m': 58, '3 p.m': 46, '4 p.m': 41, '5 p.m': 43, '6 p.m': 47, '7 p.m': 49, '8 p.m': 45, '9 p.m': 34, '10 p.m': 21}","{'4 a.m': 0, '5 a.m': 3, '6 a.m': 36, '7 a.m': 83, '8 a.m': 77, '9 a.m': 52, '10 a.m': 56, '11 a.m': 67, '12 p.m': 69, '1 p.m': 61, '2 p.m': 47, '3 p.m': 36, '4 p.m': 35, '5 p.m': 43, '6 p.m': 54, '7 p.m': 63, '8 p.m': 61, '9 p.m': 51, '10 p.m': 35}","{'4 a.m': 0, '5 a.m': 0, '6 a.m': 8, '7 a.m': 25, '8 a.m': 45, '9 a.m': 57, '10 a.m': 55, '11 a.m': 43, '12 p.m': 38, '1 p.m': 48, '2 p.m': 62, '3 p.m': 64, '4 p.m': 56, '5 p.m': 49, '6 p.m': 49, '7 p.m': 52, '8 p.m': 51, '9 p.m': 45, '10 p.m': 36}"
ChIJr1Ri1fA0K4gR65OFmurbqCU,Tim Hortons,"745 College St, Toronto, ON M6G 1C5, Canada","{'11 a.m': 57, '4 a.m': 0, '5 a.m': 1, '6 a.m': 7, '7 a.m': 16, '8 a.m': 28, '9 a.m': 40, '10 a.m': 51, '12 p.m': 58, '1 p.m': 54, '2 p.m': 50, '3 p.m': 48, '4 p.m': 49, '5 p.m': 51, '6 p.m': 54, '7 p.m': 54, '8 p.m': 49, '9 p.m': 39, '10 p.m': 24}","{'4 a.m': 0, '5 a.m': 4, '6 a.m': 23, '7 a.m': 50, '8 a.m': 66, '9 a.m': 64, '10 a.m': 64, '11 a.m': 78, '12 p.m': 90, '1 p.m': 77, '2 p.m': 49, '3 p.m': 27, '4 p.m': 24, '5 p.m': 33, '6 p.m': 44, '7 p.m': 47, '8 p.m': 39, '9 p.m': 26, '10 p.m': 12}","{'4 a.m': 0, '5 a.m': 9, '6 a.m': 32, '7 a.m': 60, '8 a.m': 78, '9 a.m': 76, '10 a.m': 65, '11 a.m': 62, '12 p.m': 67, '1 p.m': 70, '2 p.m': 64, '3 p.m': 55, '4 p.m': 51, '5 p.m': 54, '6 p.m': 59, '7 p.m': 59, '8 p.m': 50, '9 p.m': 34, '10 p.m': 18}","{'4 a.m': 0, '5 a.m': 7, '6 a.m': 28, '7 a.m': 63, '8 a.m': 93, '9 a.m': 100, '10 a.m': 88, '11 a.m': 76, '12 p.m': 71, '1 p.m': 65, '2 p.m': 54, '3 p.m': 44, '4 p.m': 43, '5 p.m': 48, '6 p.m': 54, '7 p.m': 54, '8 p.m': 46, '9 p.m': 32, '10 p.m': 18}","{'4 a.m': 0, '5 a.m': 8, '6 a.m': 32, '7 a.m': 62, '8 a.m': 76, '9 a.m': 70, '10 a.m': 65, '11 a.m': 70, '12 p.m': 74, '1 p.m': 70, '2 p.m': 58, '3 p.m': 46, '4 p.m': 41, '5 p.m': 43, '6 p.m': 47, '7 p.m': 49, '8 p.m': 45, '9 p.m': 34, '10 p.m': 21}","{'4 a.m': 0, '5 a.m': 3, '6 a.m': 36, '7 a.m': 83, '8 a.m': 77, '9 a.m': 52, '10 a.m': 56, '11 a.m': 67, '12 p.m': 69, '1 p.m': 61, '2 p.m': 47, '3 p.m': 36, '4 p.m': 35, '5 p.m': 43, '6 p.m': 54, '7 p.m': 63, '8 p.m': 61, '9 p.m': 51, '10 p.m': 35}","{'4 a.m': 0, '5 a.m': 0, '6 a.m': 8, '7 a.m': 25, '8 a.m': 45, '9 a.m': 57, '10 a.m': 55, '11 a.m': 43, '12 p.m': 38, '1 p.m': 48, '2 p.m': 62, '3 p.m': 64, '4 p.m': 56, '5 p.m': 49, '6 p.m': 49, '7 p.m': 52, '8 p.m': 51, '9 p.m': 45, '10 p.m': 36}"
ChIJTVHK7Yw0K4gRdbyPtcSATNE,Tim Hortons,"726 Bloor St W, Toronto, ON M6G 4A1, Canada","{'11 a.m': 55, '4 a.m': 0, '5 a.m': 1, '6 a.m': 3, '7 a.m': 14, '8 a.m': 59, '9 a.m': 68, '10 a.m': 50, '12 p.m': 50, '1 p.m': 33, '2 p.m': 22, '3 p.m': 18, '4 p.m': 16, '5 p.m': 12, '6 p.m': 0, '7 p.m': 7, '8 p.m': 3, '9 p.m': 1, '10 p.m': 0}","{'4 a.m': 0, '5 a.m': 1, '6 a.m': 5, '7 a.m': 24, '8 a.m': 64, '9 a.m': 79, '10 a.m': 59, '11 a.m': 50, '12 p.m': 50, '1 p.m': 46, '2 p.m': 37, '3 p.m': 27, '4 p.m': 20, '5 p.m': 14, '6 p.m': 9, '7 p.m': 5, '8 p.m': 3, '9 p.m': 1, '10 p.m': 0}","{'4 a.m': 0, '5 a.m': 1, '6 a.m': 5, '7 a.m': 20, '8 a.m': 50, '9 a.m': 83, '10 a.m': 100, '11 a.m': 85, '12 p.m': 53, '1 p.m': 25, '2 p.m': 14, '3 p.m': 12, '4 p.m': 14, '5 p.m': 14, '6 p.m': 12, '7 p.m': 7, '8 p.m': 5, '9 p.m': 1, '10 p.m': 0}","{'4 a.m': 0, '5 a.m': 1, '6 a.m': 5, '7 a.m': 20, '8 a.m': 44, '9 a.m': 64, '10 a.m': 61, '11 a.m': 42, '12 p.m': 27, '1 p.m': 22, '2 p.m': 22, '3 p.m': 20, '4 p.m': 18, '5 p.m': 14, '6 p.m': 11, '7 p.m': 7, '8 p.m': 3, '9 p.m': 1, '10 p.m': 0}","{'4 a.m': 0, '5 a.m': 3, '6 a.m': 7, '7 a.m': 16, '8 a.m': 51, '9 a.m': 85, '10 a.m': 59, '11 a.m': 40, '12 p.m': 40, '1 p.m': 38, '2 p.m': 33, '3 p.m': 25, '4 p.m': 18, '5 p.m': 11, '6 p.m': 7, '7 p.m': 3, '8 p.m': 1, '9 p.m': 0, '10 p.m': 0}","{'4 a.m': 0, '5 a.m': 3, '6 a.m': 7, '7 a.m': 16, '8 a.m': 22, '9 a.m': 22, '10 a.m': 16, '11 a.m': 9, '12 p.m': 0, '1 p.m': 1, '2 p.m': 0, '3 p.m': 7, '4 p.m': 12, '5 p.m': 12, '6 p.m': 9, '7 p.m': 3, '8 p.m': 1, '9 p.m': 1, '10 p.m': 0}",{}
ChIJkbolmqI1K4gRbdVtkmNI2Hk,Tim Hortons,"1167 Queen St W, Toronto, ON M6J 1J4, Canada","{'9 a.m': 44, '6 a.m': 0, '7 a.m': 6, '8 a.m': 20, '10 a.m': 64, '11 a.m': 65, '12 p.m': 50, '1 p.m': 37, '2 p.m': 38, '3 p.m': 47, '4 p.m': 54, '5 p.m': 52, '6 p.m': 42, '7 p.m': 28, '8 p.m': 16, '9 p.m': 0, '10 p.m': 0, '11 p.m': 0}","{'6 a.m': 0, '7 a.m': 20, '8 a.m': 44, '9 a.m': 65, '10 a.m': 71, '11 a.m': 59, '12 p.m': 48, '1 p.m': 50, '2 p.m': 53, '3 p.m': 41, '4 p.m': 21, '5 p.m': 14, '6 p.m': 35, '7 p.m': 56, '8 p.m': 37, '9 p.m': 0, '10 p.m': 0, '11 p.m': 0}","{'6 a.m': 0, '7 a.m': 9, '8 a.m': 56, '9 a.m': 100, '10 a.m': 69, '11 a.m': 57, '12 p.m': 68, '1 p.m': 62, '2 p.m': 48, '3 p.m': 44, '4 p.m': 45, '5 p.m': 45, '6 p.m': 40, '7 p.m': 31, '8 p.m': 21, '9 p.m': 0, '10 p.m': 0, '11 p.m': 0}","{'6 a.m': 0, '7 a.m': 45, '8 a.m': 85, '9 a.m': 83, '10 a.m': 61, '11 a.m': 54, '12 p.m': 52, '1 p.m': 46, '2 p.m': 36, '3 p.m': 28, '4 p.m': 27, '5 p.m': 32, '6 p.m': 34, '7 p.m': 27, '8 p.m': 17, '9 p.m': 0, '10 p.m': 0, '11 p.m': 0}","{'6 a.m': 0, '7 a.m': 49, '8 a.m': 83, '9 a.m': 78, '10 a.m': 60, '11 a.m': 62, '12 p.m': 69, '1 p.m': 68, '2 p.m': 60, '3 p.m': 52, '4 p.m': 47, '5 p.m': 45, '6 p.m': 42, '7 p.m': 36, '8 p.m': 28, '9 p.m': 0, '10 p.m': 0, '11 p.m': 0}","{'6 a.m': 0, '7 a.m': 29, '8 a.m': 53, '9 a.m': 75, '10 a.m': 86, '11 a.m': 81, '12 p.m': 65, '1 p.m': 49, '2 p.m': 39, '3 p.m': 35, '4 p.m': 32, '5 p.m': 29, '6 p.m': 27, '7 p.m': 22, '8 p.m': 16, '9 p.m': 0, '10 p.m': 0, '11 p.m': 0}","{'6 a.m': 0, '7 a.m': 22, '8 a.m': 45, '9 a.m': 70, '10 a.m': 85, '11 a.m': 81, '12 p.m': 61, '1 p.m': 40, '2 p.m': 28, '3 p.m': 29, '4 p.m': 35, '5 p.m': 37, '6 p.m': 33, '7 p.m': 22, '8 p.m': 12, '9 p.m': 0, '10 p.m': 0, '11 p.m': 0}"
ChIJj-o4XIs0K4gR3xBjxfYXs_c,Tim Hortons,"1094 Bloor St W, Toronto, ON M6H 1M5, Canada","{'4 a.m': 0, '5 a.m': 4, '6 a.m': 16, '7 a.m': 30, '8 a.m': 45, '9 a.m': 56, '10 a.m': 62, '11 a.m': 63, '12 p.m': 61, '1 p.m': 61, '2 p.m': 65, '3 p.m': 70, '4 p.m': 72, '5 p.m': 73, '6 p.m': 76, '7 p.m': 85, '8 p.m': 89, '9 p.m': 75, '10 p.m': 46}","{'4 a.m': 0, '5 a.m': 18, '6 a.m': 34, '7 a.m': 51, '8 a.m': 67, '9 a.m': 78, '10 a.m': 82, '11 a.m': 77, '12 p.m': 67, '1 p.m': 56, '2 p.m': 49, '3 p.m': 48, '4 p.m': 54, '5 p.m': 64, '6 p.m': 72, '7 p.m': 75, '8 p.m': 69, '9 p.m': 55, '10 p.m': 38}","{'4 a.m': 0, '5 a.m': 36, '6 a.m': 55, '7 a.m': 70, '8 a.m': 78, '9 a.m': 76, '10 a.m': 68, '11 a.m': 57, '12 p.m': 50, '1 p.m': 49, '2 p.m': 53, '3 p.m': 60, '4 p.m': 66, '5 p.m': 69, '6 p.m': 70, '7 p.m': 74, '8 p.m': 79, '9 p.m': 75, '10 p.m': 57}","{'4 a.m': 0, '5 a.m': 59, '6 a.m': 100, '7 a.m': 53, '8 a.m': 66, '9 a.m': 82, '10 a.m': 87, '11 a.m': 81, '12 p.m': 70, '1 p.m': 62, '2 p.m': 62, '3 p.m': 71, '4 p.m': 82, '5 p.m': 92, '6 p.m': 95, '7 p.m': 89, '8 p.m': 75, '9 p.m': 56, '10 p.m': 37}","{'4 a.m': 0, '5 a.m': 55, '6 a.m': 100, '7 a.m': 91, '8 a.m': 70, '9 a.m': 75, '10 a.m': 88, '11 a.m': 93, '12 p.m': 88, '1 p.m': 76, '2 p.m': 64, '3 p.m': 59, '4 p.m': 62, '5 p.m': 70, '6 p.m': 77, '7 p.m': 79, '8 p.m': 73, '9 p.m': 59, '10 p.m': 40}","{'4 a.m': 0, '5 a.m': 36, '6 a.m': 78, '7 a.m': 96, '8 a.m': 82, '9 a.m': 64, '10 a.m': 64, '11 a.m': 71, '12 p.m': 78, '1 p.m': 77, '2 p.m': 72, '3 p.m': 65, '4 p.m': 60, '5 p.m': 59, '6 p.m': 63, '7 p.m': 66, '8 p.m': 66, '9 p.m': 59, '10 p.m': 45}","{'4 a.m': 0, '5 a.m': 14, '6 a.m': 30, '7 a.m': 50, '8 a.m': 71, '9 a.m': 87, '10 a.m': 96, '11 a.m': 96, '12 p.m': 86, '1 p.m': 73, '2 p.m': 62, '3 p.m': 58, '4 p.m': 63, '5 p.m': 74, '6 p.m': 87, '7 p.m': 93, '8 p.m': 90, '9 p.m': 76, '10 p.m': 55}"
ChIJQ3Ne3Vo0K4gRE5nyCbt2zzE,Tim Hortons,"900 Dufferin St Unit 0565, Toronto, ON M6H 4B1, Canada","{'8 a.m': 0, '6 a.m': 0, '7 a.m': 0, '9 a.m': 0, '10 a.m': 21, '11 a.m': 40, '12 p.m': 37, '1 p.m': 21, '2 p.m': 29, '3 p.m': 45, '4 p.m': 40, '5 p.m': 18, '6 p.m': 0, '7 p.m': 0, '8 p.m': 0, '9 p.m': 0, '10 p.m': 0, '11 p.m': 0}","{'6 a.m': 0, '7 a.m': 0, '8 a.m': 0, '9 a.m': 16, '10 a.m': 27, '11 a.m': 32, '12 p.m': 35, '1 p.m': 35, '2 p.m': 32, '3 p.m': 29, '4 p.m': 40, '5 p.m': 56, '6 p.m': 40, '7 p.m': 13, '8 p.m': 0, '9 p.m': 0, '10 p.m': 0, '11 p.m': 0}","{'6 a.m': 0, '7 a.m': 0, '8 a.m': 0, '9 a.m': 35, '10 a.m': 43, '11 a.m': 43, '12 p.m': 43, '1 p.m': 54, '2 p.m': 64, '3 p.m': 64, '4 p.m': 56, '5 p.m': 40, '6 p.m': 24, '7 p.m': 13, '8 p.m': 0, '9 p.m': 0, '10 p.m': 0, '11 p.m': 0}","{'6 a.m': 0, '7 a.m': 0, '8 a.m': 0, '9 a.m': 18, '10 a.m': 35, '11 a.m': 54, '12 p.m': 70, '1 p.m': 78, '2 p.m': 75, '3 p.m': 64, '4 p.m': 59, '5 p.m': 64, '6 p.m': 67, '7 p.m': 51, '8 p.m': 0, '9 p.m': 0, '10 p.m': 0, '11 p.m': 0}","{'6 a.m': 0, '7 a.m': 0, '8 a.m': 0, '9 a.m': 45, '10 a.m': 70, '11 a.m': 83, '12 p.m': 83, '1 p.m': 75, '2 p.m': 70, '3 p.m': 72, '4 p.m': 70, '5 p.m': 59, '6 p.m': 40, '7 p.m': 21, '8 p.m': 0, '9 p.m': 0, '10 p.m': 0, '11 p.m': 0}","{'6 a.m': 0, '7 a.m': 0, '8 a.m': 0, '9 a.m': 32, '10 a.m': 56, '11 a.m': 75, '12 p.m': 83, '1 p.m': 83, '2 p.m': 86, '3 p.m': 91, '4 p.m': 94, '5 p.m': 81, '6 p.m': 54, '7 p.m': 29, '8 p.m': 0, '9 p.m': 0, '10 p.m': 0, '11 p.m': 0}","{'6 a.m': 0, '7 a.m': 0, '8 a.m': 0, '9 a.m': 32, '10 a.m': 62, '11 a.m': 89, '12 p.m': 100, '1 p.m': 91, '2 p.m': 78, '3 p.m': 75, '4 p.m': 75, '5 p.m': 70, '6 p.m': 56, '7 p.m': 40, '8 p.m': 0, '9 p.m': 0, '10 p.m': 0, '11 p.m': 0}"
ChIJw33iik40K4gRKLOqLx1tkPw,Tim Hortons,"1269 College St, Toronto, ON M6H 1C5, Canada","{'11 a.m': 61, '5 a.m': 0, '6 a.m': 9, '7 a.m': 24, '8 a.m': 45, '9 a.m': 63, '10 a.m': 68, '12 p.m': 53, '1 p.m': 47, '2 p.m': 45, '3 p.m': 46, '4 p.m': 51, '5 p.m': 56, '6 p.m': 60, '7 p.m': 58, '8 p.m': 50, '9 p.m': 38, '10 p.m': 25}","{'5 a.m': 0, '6 a.m': 13, '7 a.m': 43, '8 a.m': 70, '9 a.m': 76, '10 a.m': 66, '11 a.m': 63, '12 p.m': 73, '1 p.m': 74, '2 p.m': 60, '3 p.m': 46, '4 p.m': 44, '5 p.m': 52, '6 p.m': 58, '7 p.m': 56, '8 p.m': 47, '9 p.m': 32, '10 p.m': 17}","{'5 a.m': 0, '6 a.m': 25, '7 a.m': 48, '8 a.m': 71, '9 a.m': 85, '10 a.m': 85, '11 a.m': 73, '12 p.m': 58, '1 p.m': 48, '2 p.m': 46, '3 p.m': 47, '4 p.m': 48, '5 p.m': 46, '6 p.m': 40, '7 p.m': 34, '8 p.m': 34, '9 p.m': 33, '10 p.m': 22}","{'5 a.m': 0, '6 a.m': 23, '7 a.m': 52, '8 a.m': 83, '9 a.m': 100, '10 a.m'`3, '11 a.m': 73, '12 p.m': 56, '1 p.m': 50, '2 p.m': 51, '3 p.m': 55, '4 p.m': 57, '5 p.m': 55, '6 p.m': 50, '7 p.m': 41, '8 p.m': 32, '9 p.m': 22, '10 p.m': 12}","{'5 a.m': 0, '6 a.m': 19, '7 a.m': 48, '8 a.m': 76, '9 a.m': 87, '10 a.m': 79, '11 a.m': 65, '12 p.m': 60, '1 p.m': 62, '2 p.m': 65, '3 p.m': 62, '4 p.m': 56, '5 p.m': 54, '6 p.m': 57, '7 p.m': 63, '8 p.m': 64, '9 p.m': 55, '10 p.m': 37}","{'5 a.m': 0, '6 a.m': 37, '7 a.m': 66, '8 a.m': 80, '9 a.m': 73, '10 a.m': 57, '11 a.m': 47, '12 p.m': 46, '1 p.m': 49, '2 p.m': 50, '3 p.m': 48, '4 p.m': 47, '5 p.m': 48, '6 p.m': 52, '7 p.m': 54, '8 p.m': 52, '9 p.m': 43, '10 p.m': 31}","{'5 a.m': 0, '6 a.m': 28, '7 a.m': 50, '8 a.m': 59, '9 a.m': 65, '10 a.m': 75, '11 a.m': 81, '12 p.m': 77, '1 p.m': 65, '2 p.m': 51, '3 p.m': 40, '4 p.m': 36, '5 p.m': 39, '6 p.m': 43, '7 p.m': 46, '8 p.m': 44, '9 p.m': 37, '10 p.m': 26}"
ChIJOcdLZ-A0K4gRzERBTtvAJLY,Tim Hortons,"720 King St W, Toronto, ON M5V 2T3, Canada","{'10 a.m': 52, '6 a.m': 0, '7 a.m': 18, '8 a.m': 34, '9 a.m': 46, '11 a.m': 55, '12 p.m': 55, '1 p.m': 49, '2 p.m': 38, '3 p.m': 24, '4 p.m': 12, '5 p.m': 6, '6 p.m': 8, '7 p.m': 16, '8 p.m': 23, '9 p.m': 18, '10 p.m': 0, '11 p.m': 0}","{'5 a.m': 0, '6 a.m': 19, '7 a.m': 37, '8 a.m': 54, '9 a.m': 62, '10 a.m': 63, '11 a.m': 60, '12 p.m': 57, '1 p.m': 52, '2 p.m': 44, '3 p.m': 33, '4 p.m': 25, '5 p.m': 23, '6 p.m': 24, '7 p.m': 22, '8 p.m': 16, '9 p.m': 9, '10 p.m': 0}","{'5 a.m': 0, '6 a.m': 30, '7 a.m': 61, '8 a.m': 90, '9 a.m': 100, '10 a.m': 86, '11 a.m': 65, '12 p.m': 55, '1 p.m': 52, '2 p.m': 42, '3 p.m': 25, '4 p.m': 14, '5 p.m': 13, '6 p.m': 17, '7 p.m': 16, '8 p.m': 9, '9 p.m': 3, '10 p.m': 0}","{'5 a.m': 0, '6 a.m': 19, '7 a.m': 46, '8 a.m': 72, '9 a.m': 77, '10 a.m': 63, '11 a.m': 52, '12 p.m': 51, '1 p.m': 52, '2 p.m': 44, '3 p.m': 30, '4 p.m': 16, '5 p.m': 11, '6 p.m': 16, '7 p.m': 24, '8 p.m': 24, '9 p.m': 14, '10 p.m': 0}","{'5 a.m': 0, '6 a.m': 17, '7 a.m': 50, '8 a.m': 83, '9 a.m': 86, '10 a.m': 67, '11 a.m': 56, '12 p.m': 58, '1 p.m': 56, '2 p.m': 46, '3 p.m': 30, '4 p.m': 16, '5 p.m': 9, '6 p.m': 13, '7 p.m': 19, '8 p.m': 15, '9 p.m': 5, '10 p.m': 0}","{'5 a.m': 0, '6 a.m': 12, '7 a.m': 33, '8 a.m': 59, '9 a.m': 74, '10 a.m': 70, '11 a.m': 62, '12 p.m': 58, '1 p.m': 54, '2 p.m': 45, '3 p.m': 35, '4 p.m': 29, '5 p.m': 26, '6 p.m': 25, '7 p.m': 24, '8 p.m': 21, '9 p.m': 16, '10 p.m': 0}","{'6 a.m': 0, '7 a.m': 17, '8 a.m': 30, '9 a.m': 44, '10 a.m': 53, '11 a.m': 56, '12 p.m': 54, '1 p.m': 49, '2 p.m': 44, '3 p.m': 38, '4 p.m': 31, '5 p.m': 23, '6 p.m': 16, '7 p.m': 11, '8 p.m': 19, '9 p.m': 38, '10 p.m': 0, '11 p.m': 0}"
ChIJaWFCIv40K4gRTd1q7EeAm8I,Tim Hortons,"1033 Queen St W, Toronto, ON M6J 0A6, Canada","{'11 a.m': 36, '4 a.m': 0, '5 a.m': 8, '6 a.m': 16, '7 a.m': 24, '8 a.m': 32, '9 a.m': 0, '10 a.m': 40, '12 p.m': 28, '1 p.m': 20, '2 p.m': 12, '3 p.m': 4, '4 p.m': 0, '5 p.m': 8, '6 p.m': 28, '7 p.m': 12, '8 p.m': 0, '9 p.m': 0, '10 p.m': 0}","{'4 a.m': 0, '5 a.m': 8, '6 a.m': 28, '7 a.m': 68, '8 a.m': 92, '9 a.m': 76, '10 a.m': 44, '11 a.m': 32, '12 p.m': 32, '1 p.m': 32, '2 p.m': 28, '3 p.m': 24, '4 p.m': 32, '5 p.m': 32, '6 p.m': 16, '7 p.m': 4, '8 p.m': 0, '9 p.m': 0, '10 p.m': 0}","{'4 a.m': 0, '5 a.m': 16, '6 a.m': 28, '7 a.m': 44, '8 a.m': 56, '9 a.m': 64, '10 a.m': 64, '11 a.m': 56, '12 p.m': 44, '1 p.m': 32, '2 p.m': 20, '3 p.m': 20, '4 p.m': 24, '5 p.m': 0, '6 p.m': 24, '7 p.m': 12, '8 p.m': 0, '9 p.m': 0, '10 p.m': 0}","{'4 a.m': 0, '5 a.m': 16, '6 a.m': 32, '7 a.m': 48, '8 a.m': 64, '9 a.m': 68, '10 a.m': 60, '11 a.m': 48, '12 p.m': 32, '1 p.m': 24, '2 p.m': 24, '3 p.m': 20, '4 p.m': 20, '5 p.m': 16, '6 p.m': 12, '7 p.m': 8, '8 p.m': 0, '9 p.m': 0, '10 p.m': 0}","{'4 a.m': 0, '5 a.m': 16, '6 a.m': 48, '7 a.m': 92, '8 a.m': 100, '9 a.m': 68, '10 a.m': 44, '11 a.m': 60, '12 p.m': 68, '1 p.m': 48, '2 p.m': 20, '3 p.m': 24, '4 p.m': 48, '5 p.m': 60, '6 p.m': 36, '7 p.m': 12, '8 p.m': 0, '9 p.m': 0, '10 p.m': 0}","{'4 a.m': 0, '5 a.m': 24, '6 a.m': 44, '7 a.m': 68, '8 a.m': 76, '9 a.m': 64, '10 a.m': 44, '11 a.m': 28, '12 p.m': 32, '1 p.m': 44, '2 p.m': 32, '3 p.m': 12, '4 p.m': 8, '5 p.m': 8, '6 p.m': 8, '7 p.m': 8, '8 p.m': 0, '9 p.m': 0, '10 p.m': 0}","{'4 a.m': 0, '5 a.m': 20, '6 a.m': 32, '7 a.m': 36, '8 a.m': 40, '9 a.m': 32, '10 a.m': 24, '11 a.m': 12, '12 p.m': 8, '1 p.m': 4, '2 p.m': 12, '3 p.m': 20, '4 p.m': 16, '5 p.m': 8, '6 p.m': 40, '7 p.m': 20, '8 p.m': 0, '9 p.m': 0, '10 p.m': 0}"
ChIJEYyn8eg0K4gRF4wEChQ9Y8M,Tim Hortons,"750 Dundas St W, Toronto, ON M6J 3S3, Canada","{'10 a.m': 66, '5 a.m': 0, '6 a.m': 22, '7 a.m': 38, '8 a.m': 53, '9 a.m': 62, '11 a.m': 65, '12 p.m': 64, '1 p.m': 64, '2 p.m': 62, '3 p.m': 53, '4 p.m': 44, '5 p.m': 37, '6 p.m': 34, '7 p.m': 28, '8 p.m': 17, '9 p.m': 6, '10 p.m': 0}","{'5 a.m': 0, '6 a.m': 26, '7 a.m': 40, '8 a.m': 55, '9 a.m': 67, '10 a.m': 75, '11 a.m': 76, '12 p.m': 71, '1 p.m': 62, '2 p.m': 54, '3 p.m': 47, '4 p.m': 44, '5 p.m': 42, '6 p.m': 37, '7 p.m': 28, '8 p.m': 18, '9 p.m': 8, '10 p.m': 0}","{'5 a.m': 0, '6 a.m': 32, '7 a.m': 52, '8 a.m': 71, '9 a.m': 84, '10 a.m': 88, '11 a.m': 82, '12 p.m': 69, '1 p.m': 55, '2 p.m': 47, '3 p.m': 48, '4 p.m': 57, '5 p.m': 62, '6 p.m': 53, '7 p.m': 34, '8 p.m': 14, '9 p.m': 1, '10 p.m': 0}","{'5 a.m': 0, '6 a.m': 35, '7 a.m': 54, '8 a.m': 73, '9 a.m': 84, '10 a.m': 84, '11 a.m': 73, '12 p.m': 57, '1 p.m': 44, '2 p.m': 40, '3 p.m': 42, '4 p.m': 46, '5 p.m': 46, '6 p.m': 40, '7 p.m': 27, '8 p.m': 14, '9 p.m': 4, '10 p.m': 0}","{'5 a.m': 0, '6 a.m': 30, '7 a.m': 50, '8 a.m': 71, '9 a.m': 90, '10 a.m': 100, '11 a.m': 98, '12 p.m': 88, '1 p.m': 75, '2 p.m': 64, '3 p.m': 57, '4 p.m': 55, '5 p.m': 53, '6 p.m': 47, '7 p.m': 35, '8 p.m': 22, '9 p.m': 9, '10 p.m': 0}","{'5 a.m': 0, '6 a.m': 31, '7 a.m': 48, '8 a.m': 62, '9 a.m': 68, '10 a.m': 65, '11 a.m': 56, '12 p.m': 46, '1 p.m': 40, '2 p.m': 37, '3 p.m': 37, '4 p.m': 38, '5 p.m': 37, '6 p.m': 33, '7 p.m': 27, '8 p.m': 20, '9 p.m': 12, '10 p.m': 0}","{'5 a.m': 0, '6 a.m': 23, '7 a.m': 33, '8 a.m': 44, '9 a.m': 54, '10 a.m': 62, '11 a.m': 65, '12 p.m': 63, '1 p.m': 60, '2 p.m': 56, '3 p.m': 53, '4 p.m': 49, '5 p.m': 43, '6 p.m': 35, '7 p.m': 26, '8 p.m': 16, '9 p.m': 8, '10 p.m': 0}"
ChIJLVe5VvU0K4gRLzHmSWYsHqg,Tim Hortons,"874 Bloor St W, Toronto, ON M6G 1M5, Canada","{'11 a.m': 51, '5 a.m': 0, '6 a.m': 14, '7 a.m': 38, '8 a.m': 51, '9 a.m': 42, '10 a.m': 42, '12 p.m': 38, '1 p.m': 22, '2 p.m': 20, '3 p.m': 25, '4 p.m': 26, '5 p.m': 27, '6 p.m': 25, '7 p.m': 22, '8 p.m': 16, '9 p.m': 11, '10 p.m': 7}","{'5 a.m': 0, '6 a.m': 36, '7 a.m': 79, '8 a.m': 83, '9 a.m': 54, '10 a.m': 41, '11 a.m': 47, '12 p.m': 48, '1 p.m': 42, '2 p.m': 32, '3 p.m': 25, '4 p.m': 23, '5 p.m': 25, '6 p.m': 26, '7 p.m': 25, '8 p.m': 22, '9 p.m': 17, '10 p.m': 11}","{'5 a.m': 0, '6 a.m': 36, '7 a.m': 73, '8 a.m': 80, '9 a.m': 54, '10 a.m': 44, '11 a.m': 52, '12 p.m': 39, '1 p.m': 19, '2 p.m': 16, '3 p.m': 22, '4 p.m': 27, '5 p.m': 29, '6 p.m': 27, '7 p.m': 22, '8 p.m': 14, '9 p.m': 7, '10 p.m': 1}","{'5 a.m': 0, '6 a.m': 23, '7 a.m': 76, '8 a.m': 100, '9 a.m': 70, '10 a.m': 66, '11 a.m': 63, '12 p.m': 32, '1 p.m': 19, '2 p.m': 19, '3 p.m': 20, '4 p.m': 20, '5 p.m': 20, '6 p.m': 19, '7 p.m': 16, '8 p.m': 13, '9 p.m': 8, '10 p.m': 5}","{'5 a.m': 0, '6 a.m': 44, '7 a.m': 79, '8 a.m': 69, '9 a.m': 47, '10 a.m': 54, '11 a.m': 64, '12 p.m': 55, '1 p.m': 38, '2 p.m': 27, '3 p.m': 23, '4 p.m': 23, '5 p.m': 22, '6 p.m': 19, '7 p.m': 16, '8 p.m': 13, '9 p.m': 10, '10 p.m': 7}","{'5 a.m': 0, '6 a.m': 29, '7 a.m': 69, '8 a.m': 92, '9 a.m': 76, '10 a.m': 44, '11 a.m': 30, '12 p.m': 32, '1 p.m': 33, '2 p.m': 29, '3 p.m': 23, '4 p.m': 20, '5 p.m': 20, '6 p.m': 20, '7 p.m': 19, '8 p.m': 14, '9 p.m': 10, '10 p.m': 5}","{'5 a.m': 0, '6 a.m': 41, '7 a.m': 51, '8 a.m': 27, '9 a.m': 26, '10 a.m': 44, '11 a.m': 60, '12 p.m': 63, '1 p.m': 52, '2 p.m': 42, '3 p.m': 36, '4 p.m': 35, '5 p.m': 33, '6 p.m': 30, '7 p.m': 27, '8 p.m': 22, '9 p.m': 17, '10 p.m': 11}"
ChIJW8gjQJY0K4gRJUcNBH9kzNY,Tim Hortons,"334 Bloor St W, Toronto, ON M5S 1W9, Canada","{'10 a.m': 43, '4 a.m': 0, '5 a.m': 11, '6 a.m': 19, '7 a.m': 27, '8 a.m': 34, '9 a.m': 40, '11 a.m': 43, '12 p.m': 41, '1 p.m': 38, '2 p.m': 34, '3 p.m': 30, '4 p.m': 26, '5 p.m': 22, '6 p.m': 17, '7 p.m': 13, '8 p.m': 9, '9 p.m': 5}","{'4 a.m': 0, '5 a.m': 27, '6 a.m': 50, '7 a.m': 75, '8 a.m': 91, '9 a.m': 96, '10 a.m': 90, '11 a.m': 83, '12 p.m': 77, '1 p.m': 71, '2 p.m': 61, '3 p.m': 48, '4 p.m': 35, '5 p.m': 28, '6 p.m': 23, '7 p.m': 20, '8 p.m': 16, '9 p.m': 11}","{'4 a.m': 0, '5 a.m': 32, '6 a.m': 59, '7 a.m': 85, '8 a.m': 100, '9 a.m': 98, '10 a.m': 87, '11 a.m': 79, '12 p.m': 78, '1 p.m': 80, '2 p.m': 74, '3 p.m': 58, '4 p.m': 39, '5 p.m': 25, '6 p.m': 19, '7 p.m': 15, '8 p.m': 11, '9 p.m': 5}","{'4 a.m': 0, '5 a.m': 28, '6 a.m': 52, '7 a.m': 77, '8 a.m': 93, '9 a.m': 97, '10 a.m': 91, '11 a.m': 83, '12 p.m': 75, '1 p.m': 68, '2 p.m': 59, '3 p.m': 47, '4 p.m': 35, '5 p.m': 24, '6 p.m': 14, '7 p.m': 7, '8 p.m': 2, '9 p.m': 1}","{'4 a.m': 0, '5 a.m': 27, '6 a.m': 47, '7 a.m': 68, '8 a.m': 83, '9 a.m': 90, '10 a.m': 91, '11 a.m': 89, '12 p.m': 83, '1 p.m': 69, '2 p.m': 52, '3 p.m': 38, '4 p.m': 32, '5 p.m': 32, '6 p.m': 32, '7 p.m': 28, '8 p.m': 20, '9 p.m': 11}","{'4 a.m': 0, '5 a.m': 22, '6 a.m': 54, '7 a.m': 86, '8 a.m': 94, '9 a.m': 77, '10 a.m': 63, '11 a.m': 64, '12 p.m': 69, '1 p.m': 67, '2 p.m': 57, '3 p.m': 45, '4 p.m': 38, '5 p.m': 35, '6 p.m': 32, '7 p.m': 28, '8 p.m': 22, '9 p.m': 15}","{'4 a.m': 0, '5 a.m': 17, '6 a.m': 34, '7 a.m': 47, '8 a.m': 52, '9 a.m': 51, '10 a.m': 53, '11 a.m': 61, '12 p.m': 67, '1 p.m': 62, '2 p.m': 48, '3 p.m': 35, '4 p.m': 30, '5 p.m': 33, '6 p.m': 34, '7 p.m': 32, '8 p.m': 24, '9 p.m': 15}"
ChIJEYyn8eg0K4gRyN026fEyF3k,Tim Hortons,"399 Bathurst St, Toronto, ON M5T 2S8, Canada",{'10 a.m': 6},{},{},{},{},{},{}
ChIJWQ3uLuc0K4gRrDFKYBPJ_xw,Tim Hortons,"659 Queen St W, Toronto, ON M6G 1L1, Canada","{'10 a.m': 58, '5 a.m': 0, '6 a.m': 36, '7 a.m': 57, '8 a.m': 50, '9 a.m': 47, '11 a.m': 66, '12 p.m': 64, '1 p.m': 53, '2 p.m': 43, '3 p.m': 38, '4 p.m': 36, '5 p.m': 35, '6 p.m': 31, '7 p.m': 24, '8 p.m': 15, '9 p.m': 7, '10 p.m': 0}","{'5 a.m': 0, '6 a.m': 59, '7 a.m': 52, '8 a.m': 41, '9 a.m': 61, '10 a.m': 75, '11 a.m': 76, '12 p.m': 65, '1 p.m': 48, '2 p.m': 35, '3 p.m': 31, '4 p.m': 32, '5 p.m': 35, '6 p.m': 32, '7 p.m': 25, '8 p.m': 14, '9 p.m': 6, '10 p.m': 0}","{'5 a.m': 0, '6 a.m': 29, '7 a.m': 48, '8 a.m': 65, '9 a.m': 75, '10 a.m': 75, '11 a.m': 66, '12 p.m': 55, '1 p.m': 47, '2 p.m': 43, '3 p.m': 42, '4 p.m': 39, '5 p.m': 36, '6 p.m': 30, '7 p.m': 22, '8 p.m': 14, '9 p.m': 8, '10 p.m': 0}","{'5 a.m': 0, '6 a.m': 32, '7 a.m': 53, '8 a.m': 96, '9 a.m': 90, '10 a.m': 50, '11 a.m': 44, '12 p.m': 47, '1 p.m': 49, '2 p.m': 47, '3 p.m': 43, '4 p.m': 37, '5 p.m': 30, '6 p.m': 23, '7 p.m': 16, '8 p.m': 10, '9 p.m': 6, '10 p.m': 0}","{'5 a.m': 0, '6 a.m': 57, '7 a.m': 58, '8 a.m': 50, '9 a.m': 73, '10 a.m': 82, '11 a.m': 61, '12 p.m': 45, '1 p.m': 42, '2 p.m': 43, '3 p.m': 42, '4 p.m': 39, '5 p.m': 32, '6 p.m': 25, '7 p.m': 17, '8 p.m': 10, '9 p.m': 6, '10 p.m': 0}","{'5 a.m': 0, '6 a.m': 46, '7 a.m': 55, '8 a.m': 73, '9 a.m': 100, '10 a.m': 97, '11 a.m': 71, '12 p.m': 45, '1 p.m': 31, '2 p.m': 28, '3 p.m': 28, '4 p.m': 30, '5 p.m': 28, '6 p.m': 25, '7 p.m': 21, '8 p.m': 15, '9 p.m': 10, '10 p.m': 0}","{'5 a.m': 0, '6 a.m': 35, '7 a.m': 57, '8 a.m': 46, '9 a.m': 55, '10 a.m': 70, '11 a.m': 74, '12 p.m': 67, '1 p.m': 55, '2 p.m': 46, '3 p.m': 39, '4 p.m': 35, '5 p.m': 32, '6 p.m': 27, '7 p.m': 22, '8 p.m': 17, '9 p.m': 11, '10 p.m': 0}"
ChIJDYcgAME0K4gRRlgw8LXe5C0,Tim Hortons,"455 Spadina Ave., Toronto, ON M5S 1A1, Canada","{'11 a.m': 88, '5 a.m': 0, '6 a.m': 28, '7 a.m': 39, '8 a.m': 32, '9 a.m': 35, '10 a.m': 62, '12 p.m': 84, '1 p.m': 58, '2 p.m': 39, '3 p.m': 41, '4 p.m': 49, '5 p.m': 47, '6 p.m': 32, '7 p.m': 15, '8 p.m': 5, '9 p.m': 0, '10 p.m': 0}","{'5 a.m': 0, '6 a.m': 7, '7 a.m': 20, '8 a.m': 41, '9 a.m': 67, '10 a.m': 84, '11 a.m': 81, '12 p.m': 64, '1 p.m': 49, '2 p.m': 45, '3 p.m': 49, '4 p.m': 54, '5 p.m': 52, '6 p.m': 41, '7 p.m': 28, '8 p.m': 15, '9 p.m': 7, '10 p.m': 1}","{'5 a.m': 0, '6 a.m': 22, '7 a.m': 39, '8 a.m': 58, '9 a.m': 75, '10 a.m': 81, '11 a.m': 75, '12 p.m': 64, '1 p.m': 56, '2 p.m': 58, '3 p.m': 62, '4 p.m': 56, '5 p.m': 41, '6 p.m': 30, '7 p.m': 39, '8 p.m': 35, '9 p.m': 11, '10 p.m': 1}","{'5 a.m': 0, '6 a.m': 7, '7 a.m': 30, '8 a.m': 79, '9 a.m': 96, '10 a.m': 69, '11 a.m': 56, '12 p.m': 64, '1 p.m': 69, '2 p.m': 71, '3 p.m': 66, '4 p.m': 54, '5 p.m': 41, '6 p.m': 28, '7 p.m': 18, '8 p.m': 9, '9 p.m': 5, '10 p.m': 0}","{'5 a.m': 0, '6 a.m': 15, '7 a.m': 32, '8 a.m': 49, '9 a.m': 52, '10 a.m': 39, '11 a.m': 35, '12 p.m': 71, '1 p.m': 77, '2 p.m': 39, '3 p.m': 35, '4 p.m': 39, '5 p.m': 39, '6 p.m': 35, '7 p.m': 26, '8 p.m': 16, '9 p.m': 9, '10 p.m': 0}","{'5 a.m': 0, '6 a.m': 7, '7 a.m': 28, '8 a.m': 32, '9 a.m': 58, '10 a.m': 100, '11 a.m': 100, '12 p.m': 66, '1 p.m': 43, '2 p.m': 47, '3 p.m': 56, '4 p.m': 60, '5 p.m': 56, '6 p.m': 45, '7 p.m': 32, '8 p.m': 18, '9 p.m': 9, '10 p.m': 0}","{'5 a.m': 0, '6 a.m': 3, '7 a.m': 11, '8 a.m': 24, '9 a.m': 45, '10 a.m': 67, '11 a.m': 84, '12 p.m': 92, '1 p.m': 92, '2 p.m': 92, '3 p.m': 90, '4 p.m': 77, '5 p.m': 52, '6 p.m': 28, '7 p.m': 11, '8 p.m': 3, '9 p.m': 0, '10 p.m': 0}"
ChIJoxTCnso1K4gR9VDcjedOOfg,Tim Hortons,"175 Roncesvalles Ave, Toronto, ON M6R 2L3, Canada","{'11 a.m': 82, '5 a.m': 0, '6 a.m': 14, '7 a.m': 29, '8 a.m': 50, '9 a.m': 70, '10 a.m': 82, '12 p.m': 71, '1 p.m': 58, '2 p.m': 53, '3 p.m': 56, '4 p.m': 63, '5 p.m': 66, '6 p.m': 61, '7 p.m': 49, '8 p.m': 33, '9 p.m': 19, '10 p.m': 9}","{'5 a.m': 0, '6 a.m': 6, '7 a.m': 33, '8 a.m': 74, '9 a.m': 86, '10 a.m': 57, '11 a.m': 47, '12 p.m': 74, '1 p.m': 68, '2 p.m': 43, '3 p.m': 42, '4 p.m': 49, '5 p.m': 51, '6 p.m': 48, '7 p.m': 40, '8 p.m': 30, '9 p.m': 19, '10 p.m': 11}","{'5 a.m': 0, '6 a.m': 28, '7 a.m': 44, '8 a.m': 60, '9 a.m': 74, '10 a.m': 79, '11 a.m': 74, '12 p.m': 63, '1 p.m': 50, '2 p.m': 41, '3 p.m': 39, '4 p.m': 43, '5 p.m': 46, '6 p.m': 44, '7 p.m': 34, '8 p.m': 22, '9 p.m': 11, '10 p.m': 4}","{'5 a.m': 0, '6 a.m': 36, '7 a.m': 63, '8 a.m': 73, '9 a.m': 66, '10 a.m': 60, '11 a.m': 60, '12 p.m': 58, '1 p.m': 49, '2 p.m': 42, '3 p.m': 43, '4 p.m': 50, '5 p.m': 52, '6 p.m': 46, '7 p.m': 31, '8 p.m': 17, '9 p.m': 6, '10 p.m': 1}","{'5 a.m': 0, '6 a.m': 23, '7 a.m': 65, '8 a.m': 100, '9 a.m': 85, '10 a.m': 51, '11 a.m': 55, '12 p.m': 82, '1 p.m': 76, '2 p.m': 44, '3 p.m': 31, '4 p.m': 41, '5 p.m': 55, '6 p.m': 58, '7 p.m': 50, '8 p.m': 33, '9 p.m': 17, '10 p.m': 7}","{'5 a.m': 0, '6 a.m': 29, '7 a.m': 69, '8 a.m': 96, '9 a.m': 84, '10 a.m': 61, '11 a.m': 60, '12 p.m': 69, '1 p.m': 70, '2 p.m': 63, '3 p.m': 59, '4 p.m': 61, '5 p.m': 65, '6 p.m': 63, '7 p.m': 53, '8 p.m': 38, '9 p.m': 22, '10 p.m': 11}","{'5 a.m': 0, '6 a.m': 16, '7 a.m': 31, '8 a.m': 49, '9 a.m': 64, '10 a.m': 71, '11 a.m': 68, '12 p.m': 58, '1 p.m': 49, '2 p.m': 45, '3 p.m': 46, '4 p.m': 49, '5 p.m': 50, '6 p.m': 46, '7 p.m': 37, '8 p.m': 26, '9 p.m': 17, '10 p.m': 9}"
ChIJ2V9y9nU1K4gRC4NhS1InsYo,Tim Hortons,"1251 Bloor St W, Toronto, ON M6H 1N6, Canada","{'9 a.m': 43, '6 a.m': 0, '7 a.m': 5, '8 a.m': 21, '10 a.m': 63, '11 a.m': 70, '12 p.m': 65, '1 p.m': 55, '2 p.m': 51, '3 p.m': 54, '4 p.m': 59, '5 p.m': 61, '6 p.m': 55, '7 p.m': 43, '8 p.m': 28, '9 p.m': 0, '10 p.m': 0, '11 p.m': 0}","{'6 a.m': 0, '7 a.m': 28, '8 a.m': 59, '9 a.m': 66, '10 a.m': 55, '11 a.m': 55, '12 p.m': 59, '1 p.m': 50, '2 p.m': 37, '3 p.m': 34, '4 p.m': 43, '5 p.m': 51, '6 p.m': 51, '7 p.m': 40, '8 p.m': 25, '9 p.m': 0, '10 p.m': 0, '11 p.m': 0}","{'6 a.m': 0, '7 a.m': 1, '8 a.m': 55, '9 a.m': 90, '10 a.m': 46, '11 a.m': 70, '12 p.m': 79, '1 p.m': 54, '2 p.m': 40, '3 p.m': 48, '4 p.m': 57, '5 p.m': 61, '6 p.m': 57, '7 p.m': 47, '8 p.m': 33, '9 p.m': 0, '10 p.m': 0, '11 p.m': 0}","{'6 a.m': 0, '7 a.m': 29, '8 a.m': 69, '9 a.m': 77, '10 a.m': 53, '11 a.m': 58, '12 p.m': 84, '1 p.m': 73, '2 p.m': 38, '3 p.m': 24, '4 p.m': 30, '5 p.m': 43, '6 p.m': 51, '7 p.m': 51, '8 p.m': 44, '9 p.m': 0, '10 p.m': 0, '11 p.m': 0}","{'6 a.m': 0, '7 a.m': 27, '8 a.m': 55, '9 a.m': 74, '10 a.m': 79, '11 a.m': 85, '12 p.m': 100, '1 p.m': 99, '2 p.m': 74, '3 p.m': 51, '4 p.m': 48, '5 p.m': 53, '6 p.m': 55, '7 p.m': 50, '8 p.m': 38, '9 p.m': 0, '10 p.m': 0, '11 p.m': 0}","{'6 a.m': 0, '7 a.m': 18, '8 a.m': 43, '9 a.m': 53, '10 a.m': 53, '11 a.m': 62, '12 p.m': 74, '1 p.m': 68, '2 p.m': 54, '3 p.m': 45, '4 p.m': 47, '5 p.m': 51, '6 p.m': 53, '7 p.m': 51, '8 p.m': 43, '9 p.m': 0, '10 p.m': 0, '11 p.m': 0}","{'6 a.m': 0, '7 a.m': 11, '8 a.m': 27, '9 a.m': 47, '10 a.m': 62, '11 a.m': 67, '12 p.m': 61, '1 p.m': 51, '2 p.m': 47, '3 p.m': 50, '4 p.m': 57, '5 p.m': 62, '6 p.m': 59, '7 p.m': 48, '8 p.m': 34, '9 p.m': 0, '10 p.m': 0, '11 p.m': 0}"
ChIJp1CiZ8g0K4gRiZqe7ALuJ8Y,Tim Hortons,"700 University Ave, Toronto, ON M5G 1Z5, Canada","{'10 a.m': 21, '6 a.m': 0, '7 a.m': 0, '8 a.m': 12, '9 a.m': 17, '11 a.m': 25, '12 p.m': 28, '1 p.m': 31, '2 p.m': 34, '3 p.m': 35, '4 p.m': 32, '5 p.m': 27, '6 p.m': 21, '7 p.m': 0, '8 p.m': 0, '9 p.m': 0, '10 p.m': 0, '11 p.m': 0}","{'5 a.m': 0, '6 a.m': 13, '7 a.m': 33, '8 a.m': 55, '9 a.m': 66, '10 a.m': 67, '11 a.m': 68, '12 p.m': 72, '1 p.m': 72, '2 p.m': 65, '3 p.m': 56, '4 p.m': 48, '5 p.m': 40, '6 p.m': 31, '7 p.m': 21, '8 p.m': 12, '9 p.m': 5, '10 p.m': 0}","{'5 a.m': 0, '6 a.m': 22, '7 a.m': 43, '8 a.m': 63, '9 a.m': 74, '10 a.m': 77, '11 a.m': 76, '12 p.m': 79, '1 p.m': 84, '2 p.m': 86, '3 p.m': 82, '4 p.m': 72, '5 p.m': 57, '6 p.m': 42, '7 p.m': 27, '8 p.m': 16, '9 p.m': 8, '10 p.m': 0}","{'5 a.m': 0, '6 a.m': 20, '7 a.m': 47, '8 a.m': 76, '9 a.m': 92, '10 a.m': 92, '11 a.m': 89, '12 p.m': 90, '1 p.m': 92, '2 p.m': 89, '3 p.m': 79, '4 p.m': 68, '5 p.m': 55, '6 p.m': 43, '7 p.m': 31, '8 p.m': 21, '9 p.m': 12, '10 p.m': 0}","{'5 a.m': 0, '6 a.m': 18, '7 a.m': 47, '8 a.m': 81, '9 a.m': 100, '10 a.m': 95, '11 a.m': 85, '12 p.m': 85, '1 p.m': 90, '2 p.m': 93, '3 p.m': 89, '4 p.m': 77, '5 p.m': 61, '6 p.m': 44, '7 p.m': 29, '8 p.m': 17, '9 p.m': 9, '10 p.m': 0}","{'5 a.m': 0, '6 a.m': 24, '7 a.m': 48, '8 a.m': 71, '9 a.m': 83, '10 a.m': 81, '11 a.m': 74, '12 p.m': 70, '1 p.m': 70, '2 p.m': 68, '3 p.m': 59, '4 p.m': 48, '5 p.m': 36, '6 p.m': 25, '7 p.m': 16, '8 p.m': 8, '9 p.m': 0, '10 p.m': 0}","{'6 a.m': 0, '7 a.m': 0, '8 a.m': 11, '9 a.m': 18, '10 a.m': 26, '11 a.m': 32, '12 p.m': 36, '1 p.m': 35, '2 p.m': 33, '3 p.m': 31, '4 p.m': 30, '5 p.m': 26, '6 p.m': 20, '7 p.m': 12, '8 p.m': 0, '9 p.m': 0, '10 p.m': 0, '11 p.m': 0}"
ChIJD4pXIjA0K4gR7BJ_ZRPzz3M,Tim Hortons,"1728 Bloor St W, Toronto, ON M6P 1A8, Canada","{'10 a.m': 79, '4 a.m': 0, '5 a.m': 10, '6 a.m': 20, '7 a.m': 34, '8 a.m': 50, '9 a.m': 66, '11 a.m': 86, '12 p.m': 87, '1 p.m': 82, '2 p.m': 74, '3 p.m': 66, '4 p.m': 60, '5 p.m': 58, '6 p.m': 54, '7 p.m': 48, '8 p.m': 37, '9 p.m': 25}","{'4 a.m': 0, '5 a.m': 40, '6 a.m': 63, '7 a.m': 69, '8 a.m': 63, '9 a.m': 63, '10 a.m': 71, '11 a.m': 78, '12 p.m': 78, '1 p.m': 69, '2 p.m': 56, '3 p.m': 43, '4 p.m': 35, '5 p.m': 36, '6 p.m': 43, '7 p.m': 47, '8 p.m': 43, '9 p.m': 30}","{'4 a.m': 0, '5 a.m': 39, '6 a.m': 70, '7 a.m': 90, '8 a.m': 90, '9 a.m': 81, '10 a.m': 77, '11 a.m': 81, '12 p.m': 84, '1 p.m': 81, '2 p.m': 72, '3 p.m': 59, '4 p.m': 49, '5 p.m': 43, '6 p.m': 41, '7 p.m': 39, '8 p.m': 33, '9 p.m': 25}","{'4 a.m': 0, '5 a.m': 59, '6 a.m': 81, '7 a.m': 81, '8 a.m': 75, '9 a.m': 78, '10 a.m': 83, '11 a.m': 82, '12 p.m': 74, '1 p.m': 65, '2 p.m': 58, '3 p.m': 55, '4 p.m': 53, '5 p.m': 51, '6 p.m': 46, '7 p.m': 39, '8 p.m': 30, '9 p.m': 20}","{'4 a.m': 0, '5 a.m': 41, '6 a.m': 83, '7 a.m': 100, '8 a.m': 86, '9 a.m': 75, '10 a.m': 79, '11 a.m': 84, '12 p.m': 83, '1 p.m': 76, '2 p.m': 66, '3 p.m': 57, '4 p.m': 52, '5 p.m': 50, '6 p.m': 49, '7 p.m': 45, '8 p.m': 38, '9 p.m': 27}","{'4 a.m': 0, '5 a.m': 29, '6 a.m': 60, '7 a.m': 86, '8 a.m': 91, '9 a.m': 83, '10 a.m': 76, '11 a.m': 78, '12 p.m': 82, '1 p.m': 81, '2 p.m': 73, '3 p.m': 62, '4 p.m': 55, '5 p.m': 56, '6 p.m': 62, '7 p.m': 64, '8 p.m': 55, '9 p.m': 37}","{'4 a.m': 0, '5 a.m': 17, '6 a.m': 32, '7 a.m': 51, '8 a.m': 71, '9 a.m': 86, '10 a.m': 94, '11 a.m': 92, '12 p.m': 85, '1 p.m': 76, '2 p.m': 69, '3 p.m': 64, '4 p.m': 56, '5 p.m': 48, '6 p.m': 45, '7 p.m': 51, '8 p.m': 53, '9 p.m': 38}"
ChIJp1CiZ8g0K4gRsrmHWTwVc-s,Tim Hortons,"610 University Ave, Toronto, ON M5J 1A7, Canada",{'7 a.m': 6},{},{},{},{},{},{}
ChIJn3sm7AI1K4gRXoRjN9iu2zU,Tim Hortons,"1034 King St W, Toronto, ON M6K 3M9, Canada","{'8 a.m': 63, '5 a.m': 0, '6 a.m': 28, '7 a.m': 45, '9 a.m': 79, '10 a.m': 89, '11 a.m': 90, '12 p.m': 83, '1 p.m': 69, '2 p.m': 54, '3 p.m': 42, '4 p.m': 43, '5 p.m': 60, '6 p.m': 78, '7 p.m': 73, '8 p.m': 0, '9 p.m': 0, '10 p.m': 0}","{'5 a.m': 0, '6 a.m': 20, '7 a.m': 39, '8 a.m': 61, '9 a.m': 80, '10 a.m': 91, '11 a.m': 91, '12 p.m': 81, '1 p.m': 67, '2 p.m': 54, '3 p.m': 46, '4 p.m': 43, '5 p.m': 42, '6 p.m': 39, '7 p.m': 34, '8 p.m': 0, '9 p.m': 0, '10 p.m': 0}","{'5 a.m': 0, '6 a.m': 39, '7 a.m': 57, '8 a.m': 57, '9 a.m': 46, '10 a.m': 48, '11 a.m': 66, '12 p.m': 80, '1 p.m': 69, '2 p.m': 44, '3 p.m': 28, '4 p.m': 32, '5 p.m': 44, '6 p.m': 53, '7 p.m': 48, '8 p.m': 0, '9 p.m': 0, '10 p.m': 0}","{'5 a.m': 0, '6 a.m': 20, '7 a.m': 48, '8 a.m': 73, '9 a.m': 79, '10 a.m': 68, '11 a.m': 69, '12 p.m': 97, '1 p.m': 95, '2 p.m': 51, '3 p.m': 28, '4 p.m': 37, '5 p.m': 51, '6 p.m': 53, '7 p.m': 42, '8 p.m': 0, '9 p.m': 0, '10 p.m': 0}","{'5 a.m': 0, '6 a.m': 26, '7 a.m': 57, '8 a.m': 87, '9 a.m': 100, '10 a.m': 85, '11 a.m': 57, '12 p.m': 51, '1 p.m': 65, '2 p.m': 42, '3 p.m': 27, '4 p.m': 34, '5 p.m': 40, '6 p.m': 40, '7 p.m': 32, '8 p.m': 0, '9 p.m': 0, '10 p.m': 0}","{'5 a.m': 0, '6 a.m': 16, '7 a.m': 42, '8 a.m': 73, '9 a.m': 96, '10 a.m': 97, '11 a.m': 78, '12 p.m': 51, '1 p.m': 34, '2 p.m': 33, '3 p.m': 43, '4 p.m': 55, '5 p.m': 63, '6 p.m': 61, '7 p.m': 51, '8 p.m': 0, '9 p.m': 0, '10 p.m': 0}","{'5 a.m': 0, '6 a.m': 21, '7 a.m': 37, '8 a.m': 55, '9 a.m': 69, '10 a.m': 78, '11 a.m': 79, '12 p.m': 73, '1 p.m': 67, '2 p.m': 65, '3 p.m': 66, '4 p.m': 71, '5 p.m': 72, '6 p.m': 68, '7 p.m': 56, '8 p.m': 0, '9 p.m': 0, '10 p.m': 0}"
ChIJv9gj3so0K4gRSecqWuO3ON4,Tim Hortons,"595 Bay St., Toronto, ON M5G 2C2, Canada","{'4 a.m': 7, '6 a.m': 0, '7 a.m': 0, '8 a.m': 51, '9 a.m': 70, '10 a.m': 74, '11 a.m': 63, '12 p.m': 67, '1 p.m': 56, '2 p.m': 29, '3 p.m': 20, '4 p.m': 0, '5 p.m': 0, '6 p.m': 0, '7 p.m': 0, '8 p.m': 0, '9 p.m': 0, '10 p.m': 0, '11 p.m': 0}","{'6 a.m': 0, '7 a.m': 0, '8 a.m': 36, '9 a.m': 61, '10 a.m': 81, '11 a.m': 84, '12 p.m': 72, '1 p.m': 52, '2 p.m': 36, '3 p.m': 26, '4 p.m': 0, '5 p.m': 0, '6 p.m': 0, '7 p.m': 0, '8 p.m': 0, '9 p.m': 0, '10 p.m': 0, '11 p.m': 0}","{'6 a.m': 0, '7 a.m': 0, '8 a.m': 50, '9 a.m': 70, '10 a.m': 75, '11 a.m': 65, '12 p.m': 52, '1 p.m': 43, '2 p.m': 38, '3 p.m': 31, '4 p.m': 0, '5 p.m': 0, '6 p.m': 0, '7 p.m': 0, '8 p.m': 0, '9 p.m': 0, '10 p.m': 0, '11 p.m': 0}","{'6 a.m': 0, '7 a.m': 0, '8 a.m': 54, '9 a.m': 67, '10 a.m': 61, '11 a.m': 58, '12 p.m': 62, '1 p.m': 63, '2 p.m': 55, '3 p.m': 40, '4 p.m': 0, '5 p.m': 0, '6 p.m': 0, '7 p.m': 0, '8 p.m': 0, '9 p.m': 0, '10 p.m': 0, '11 p.m': 0}","{'6 a.m': 0, '7 a.m': 0, '8 a.m': 56, '9 a.m': 89, '10 a.m': 100, '11 a.m': 85, '12 p.m': 65, '1 p.m': 56, '2 p.m': 50, '3 p.m': 38, '4 p.m': 0, '5 p.m': 0, '6 p.m': 0, '7 p.m': 0, '8 p.m': 0, '9 p.m': 0, '10 p.m': 0, '11 p.m': 0}","{'6 a.m': 0, '7 a.m': 0, '8 a.m': 0, '9 a.m': 34, '10 a.m': 35, '11 a.m': 28, '12 p.m': 23, '1 p.m': 27, '2 p.m': 34, '3 p.m': 31, '4 p.m': 0, '5 p.m': 0, '6 p.m': 0, '7 p.m': 0, '8 p.m': 0, '9 p.m': 0, '10 p.m': 0, '11 p.m': 0}",{}
ChIJ8_AW44g1K4gRwTWengxrOTE,Tim Hortons,"480 University Ave, Toronto, ON M5G 1V2, Canada",{},{},{},{},{},{},{}
ChIJEZAFX901K4gR4vISIVcevhk,Tim Hortons,"585 University Ave, Toronto, ON M5G 2N2, Canada",{'8 a.m': 11},{},{},{},{},{},{}
ChIJVSOrrYE1K4gRX-Kp3S8_iKE,Tim Hortons,"444 Yonge St, Toronto, ON M5G 2B3, Canada",{'7 a.m': 6},{},{},{},{},{},{}
ChIJuYMaPS3L1IkRZNmHv7VcKDI,Tim Hortons,"181 Bay St., Toronto, ON M5J 2T3, Canada","{'6 a.m': 0, '5 a.m': 0, '7 a.m': 2, '8 a.m': 7, '9 a.m': 15, '10 a.m': 24, '11 a.m': 31, '12 p.m': 34, '1 p.m': 37, '2 p.m': 37, '3 p.m': 28, '4 p.m': 15, '5 p.m': 0, '6 p.m': 0, '7 p.m': 0, '8 p.m': 0, '9 p.m': 0, '10 p.m': 0}","{'5 a.m': 0, '6 a.m': 14, '7 a.m': 32, '8 a.m': 54, '9 a.m': 69, '10 a.m': 74, '11 a.m': 74, '12 p.m': 78, '1 p.m': 82, '2 p.m': 80, '3 p.m': 69, '4 p.m': 51, '5 p.m': 33, '6 p.m': 0, '7 p.m': 0, '8 p.m': 0, '9 p.m': 0, '10 p.m': 0}","{'5 a.m': 0, '6 a.m': 21, '7 a.m': 36, '8 a.m': 55, '9 a.m': 75, '10 a.m': 90, '11 a.m': 99, '12 p.m': 100, '1 p.m': 93, '2 p.m': 80, '3 p.m': 65, '4 p.m': 48, '5 p.m': 32, '6 p.m': 0, '7 p.m': 0, '8 p.m': 0, '9 p.m': 0, '10 p.m': 0}","{'5 a.m': 0, '6 a.m': 14, '7 a.m': 38, '8 a.m': 68, '9 a.m': 87, '10 a.m': 89, '11 a.m': 87, '12 p.m': 90, '1 p.m': 93, '2 p.m': 89, '3 p.m': 77, '4 p.m': 59, '5 p.m': 41, '6 p.m': 0, '7 p.m': 0, '8 p.m': 0, '9 p.m': 0, '10 p.m': 0}","{'5 a.m': 0, '6 a.m': 21, '7 a.m': 41, '8 a.m': 63, '9 a.m': 82, '10 a.m': 90, '11 a.m': 88, '12 p.m': 82, '1 p.m': 77, '2 p.m': 72, '3 p.m': 65, '4 p.m': 56, '5 p.m': 44, '6 p.m': 0, '7 p.m': 0, '8 p.m': 0, '9 p.m': 0, '10 p.m': 0}","{'5 a.m': 0, '6 a.m': 15, '7 a.m': 30, '8 a.m': 50, '9 a.m': 70, '10 a.m': 85, '11 a.m': 88, '12 p.m': 84, '1 p.m': 80, '2 p.m': 81, '3 p.m': 80, '4 p.m': 68, '5 p.m': 46, '6 p.m': 0, '7 p.m': 0, '8 p.m': 0, '9 p.m': 0, '10 p.m': 0}","{'5 a.m': 0, '6 a.m': 0, '7 a.m': 4, '8 a.m': 14, '9 a.m': 31, '10 a.m': 52, '11 a.m': 69, '12 p.m': 75, '1 p.m': 66, '2 p.m': 59, '3 p.m': 56, '4 p.m': 34, '5 p.m': 0, '6 p.m': 0, '7 p.m': 0, '8 p.m': 0, '9 p.m': 0, '10 p.m': 0}"
ChIJ900Me5w0K4gRTRacM6GxIws,Tim Hortons,"200 King St E, Toronto, ON M5W 3A8, Canada",{},{},{},{},{},{},{}
ChIJ-R_duds0K4gRtwrgpOFrKWs,Tim Hortons,"119 Spadina Ave., Toronto, ON M5V 2L1, Canada","{'10 a.m': 32, '6 a.m': 0, '7 a.m': 0, '8 a.m': 5, '9 a.m': 18, '11 a.m': 34, '12 p.m': 20, '1 p.m': 12, '2 p.m': 9, '3 p.m': 6, '4 p.m': 3, '5 p.m': 1, '6 p.m': 0, '7 p.m': 0, '8 p.m': 0, '9 p.m': 0, '10 p.m': 0, '11 p.m': 0}","{'4 a.m': 0, '5 a.m': 2, '6 a.m': 9, '7 a.m': 24, '8 a.m': 41, '9 a.m': 51, '10 a.m': 46, '11 a.m': 34, '12 p.m': 26, '1 p.m': 21, '2 p.m': 17, '3 p.m': 18, '4 p.m': 27, '5 p.m': 32, '6 p.m': 25, '7 p.m': 12, '8 p.m': 0, '9 p.m': 0}","{'4 a.m': 0, '5 a.m': 3, '6 a.m': 9, '7 a.m': 34, '8 a.m': 67, '9 a.m': 63, '10 a.m': 36, '11 a.m': 40, '12 p.m': 59, '1 p.m': 38, '2 p.m': 20, '3 p.m': 18, '4 p.m': 17, '5 p.m': 16, '6 p.m': 14, '7 p.m': 10, '8 p.m': 8, '9 p.m': 6}","{'4 a.m': 0, '5 a.m': 7, '6 a.m': 12, '7 a.m': 18, '8 a.m': 46, '9 a.m': 85, '10 a.m': 65, '11 a.m': 40, '12 p.m': 38, '1 p.m': 37, '2 p.m': 34, '3 p.m': 29, '4 p.m': 23, '5 p.m': 17, '6 p.m': 12, '7 p.m': 8, '8 p.m': 5, '9 p.m': 0}","{'4 a.m': 0, '5 a.m': 1, '6 a.m': 6, '7 a.m': 24, '8 a.m': 57, '9 a.m': 80, '10 a.m': 78, '11 a.m': 61, '12 p.m': 47, '1 p.m': 32, '2 p.m': 20, '3 p.m': 16, '4 p.m': 17, '5 p.m': 17, '6 p.m': 13, '7 p.m': 7, '8 p.m': 0, '9 p.m': 0}","{'4 a.m': 0, '5 a.m': 1, '6 a.m': 7, '7 a.m': 34, '8 a.m': 80, '9 a.m': 100, '10 a.m': 65, '11 a.m': 26, '12 p.m': 17, '1 p.m': 20, '2 p.m': 18, '3 p.m': 15, '4 p.m': 18, '5 p.m': 23, '6 p.m': 16, '7 p.m': 6, '8 p.m': 0, '9 p.m': 0}","{'4 a.m': 0, '5 a.m': 0, '6 a.m': 0, '7 a.m': 0, '8 a.m': 18, '9 a.m': 41, '10 a.m': 39, '11 a.m': 40, '12 p.m': 48, '1 p.m': 36, '2 p.m': 19, '3 p.m': 14, '4 p.m': 13, '5 p.m': 13, '6 p.m': 10, '7 p.m': 7, '8 p.m': 4, '9 p.m': 2}"
ChIJR3hqPow1K4gRFEsKIgtIf_E,Tim Hortons,"University Ave &, Dundas St W, Toronto, ON M5G, Canada",{'24 a.m': 24},{},{},{},{},{},{}
ChIJp1CiZ8g0K4gReap38_wqKUo,Tim Hortons,"438 University Ave, Toronto, ON M5G 2K8, Canada","{'11 a.m': 68, '6 a.m': 0, '7 a.m': 17, '8 a.m': 36, '9 a.m': 53, '10 a.m': 63, '12 p.m': 70, '1 p.m': 75, '2 p.m': 75, '3 p.m': 73, '4 p.m': 68, '5 p.m': 60, '6 p.m': 53, '7 p.m': 46, '8 p.m': 39, '9 p.m': 34, '10 p.m': 0, '11 p.m': 0}","{'4 a.m': 0, '5 a.m': 2, '6 a.m': 9, '7 a.m': 21, '8 a.m': 36, '9 a.m': 48, '10 a.m': 56, '11 a.m': 56, '12 p.m': 51, '1 p.m': 43, '2 p.m': 41, '3 p.m': 39, '4 p.m': 41, '5 p.m': 41, '6 p.m': 39, '7 p.m': 34, '8 p.m': 24, '9 p.m': 17, '10 p.m': 0}","{'4 a.m': 0, '5 a.m': 14, '6 a.m': 39, '7 a.m': 68, '8 a.m': 85, '9 a.m': 85, '10 a.m': 80, '11 a.m': 85, '12 p.m': 95, '1 p.m': 92, '2 p.m': 70, '3 p.m': 43, '4 p.m': 26, '5 p.m': 31, '6 p.m': 46, '7 p.m': 63, '8 p.m': 65, '9 p.m': 53, '10 p.m': 0}","{'4 a.m': 0, '5 a.m': 9, '6 a.m': 26, '7 a.m': 46, '8 a.m': 65, '9 a.m': 82, '10 a.m': 95, '11 a.m': 100, '12 p.m': 97, '1 p.m': 90, '2 p.m': 78, '3 p.m': 70, '4 p.m': 68, '5 p.m': 68, '6 p.m': 68, '7 p.m': 63, '8 p.m': 53, '9 p.m': 41, '10 p.m': 0}","{'4 a.m': 0, '5 a.m': 19, '6 a.m': 31, '7 a.m': 46, '8 a.m': 58, '9 a.m': 65, '10 a.m': 68, '11 a.m': 65, '12 p.m': 63, '1 p.m': 60, '2 p.m': 58, '3 p.m': 56, '4 p.m': 51, '5 p.m': 48, '6 p.m': 48, '7 p.m': 51, '8 p.m': 51, '9 p.m': 41, '10 p.m': 0}","{'4 a.m': 0, '5 a.m': 9, '6 a.m': 14, '7 a.m': 21, '8 a.m': 24, '9 a.m': 29, '10 a.m': 39, '11 a.m': 56, '12 p.m': 70, '1 p.m': 73, '2 p.m': 63, '3 p.m': 46, '4 p.m': 31, '5 p.m': 31, '6 p.m': 39, '7 p.m': 46, '8 p.m': 43, '9 p.m': 31, '10 p.m': 0}","{'6 a.m': 0, '7 a.m': 29, '8 a.m': 58, '9 a.m': 82, '10 a.m': 87, '11 a.m': 70, '12 p.m': 51, '1 p.m': 51, '2 p.m': 65, '3 p.m': 58, '4 p.m': 46, '5 p.m': 46, '6 p.m': 48, '7 p.m': 46, '8 p.m': 39, '9 p.m': 31, '10 p.m': 0, '11 p.m': 0}"
ChIJ_dCDHtI0K4gRePQIryFXb3Q,Tim Hortons,"170 University Ave, Toronto, ON M5H 3B3, Canada","{'4 a.m': 8, '6 a.m': 0, '7 a.m': 0, '8 a.m': 63, '9 a.m': 66, '10 a.m': 56, '11 a.m': 70, '12 p.m': 71, '1 p.m': 55, '2 p.m': 33, '3 p.m': 20, '4 p.m': 0, '5 p.m': 0, '6 p.m': 0, '7 p.m': 0, '8 p.m': 0, '9 p.m': 0, '10 p.m': 0, '11 p.m': 0}","{'6 a.m': 0, '7 a.m': 0, '8 a.m': 64, '9 a.m': 93, '10 a.m': 60, '11 a.m': 50, '12 p.m': 63, '1 p.m': 71, '2 p.m': 63, '3 p.m': 44, '4 p.m': 0, '5 p.m': 0, '6 p.m': 0, '7 p.m': 0, '8 p.m': 0, '9 p.m': 0, '10 p.m': 0, '11 p.m': 0}","{'6 a.m': 0, '7 a.m': 0, '8 a.m': 54, '9 a.m': 100, '10 a.m': 81, '11 a.m': 60, '12 p.m': 67, '1 p.m': 70, '2 p.m': 60, '3 p.m': 44, '4 p.m': 0, '5 p.m': 0, '6 p.m': 0, '7 p.m': 0, '8 p.m': 0, '9 p.m': 0, '10 p.m': 0, '11 p.m': 0}","{'6 a.m': 0, '7 a.m': 0, '8 a.m': 45, '9 a.m': 62, '10 a.m': 66, '11 a.m': 59, '12 p.m': 55, '1 p.m': 63, '2 p.m': 68, '3 p.m': 59, '4 p.m': 0, '5 p.m': 0, '6 p.m': 0, '7 p.m': 0, '8 p.m': 0, '9 p.m': 0, '10 p.m': 0, '11 p.m': 0}","{'6 a.m': 0, '7 a.m': 0, '8 a.m': 28, '9 a.m': 63, '10 a.m': 29, '11 a.m': 40, '12 p.m': 50, '1 p.m': 45, '2 p.m': 29, '3 p.m': 17, '4 p.m': 0, '5 p.m': 0, '6 p.m': 0, '7 p.m': 0, '8 p.m': 0, '9 p.m': 0, '10 p.m': 0, '11 p.m': 0}",{},{}
ChIJp1CiZ8g0K4gReGPujQM6rJ8,Tim Hortons,"657 University Ave, Toronto, ON M5G 2C4, Canada","{'8 a.m': 2, '5 a.m': 0, '6 a.m': 0, '7 a.m': 2, '9 a.m': 5, '10 a.m': 5, '11 a.m': 5, '12 p.m': 2, '1 p.m': 2, '2 p.m': 2, '3 p.m': 2, '4 p.m': 2, '5 p.m': 2, '6 p.m': 0, '7 p.m': 0, '8 p.m': 0, '9 p.m': 0, '10 p.m': 0}","{'5 a.m': 0, '6 a.m': 47, '7 a.m': 50, '8 a.m': 50, '9 a.m': 50, '10 a.m': 50, '11 a.m': 45, '12 p.m': 32, '1 p.m': 20, '2 p.m': 7, '3 p.m': 2, '4 p.m': 2, '5 p.m': 2, '6 p.m': 0, '7 p.m': 0, '8 p.m': 0, '9 p.m': 0, '10 p.m': 0}","{'5 a.m': 0, '6 a.m': 75, '7 a.m': 90, '8 a.m': 85, '9 a.m': 80, '10 a.m': 77, '11 a.m': 62, '12 p.m': 37, '1 p.m': 15, '2 p.m': 2, '3 p.m': 2, '4 p.m': 2, '5 p.m': 2, '6 p.m': 2, '7 p.m': 0, '8 p.m': 0, '9 p.m': 0, '10 p.m': 0}","{'5 a.m': 0, '6 a.m': 82, '7 a.m': 100, '8 a.m': 97, '9 a.m': 77, '10 a.m': 52, '11 a.m': 32, '12 p.m': 17, '1 p.m': 10, '2 p.m': 2, '3 p.m': 2, '4 p.m': 2, '5 p.m': 2, '6 p.m': 2, '7 p.m': 0, '8 p.m': 0, '9 p.m': 0, '10 p.m': 0}","{'5 a.m': 0, '6 a.m': 75, '7 a.m': 72, '8 a.m': 57, '9 a.m': 55, '10 a.m': 57, '11 a.m': 50, '12 p.m': 30, '1 p.m': 10, '2 p.m': 7, '3 p.m': 12, '4 p.m': 10, '5 p.m': 2, '6 p.m': 2, '7 p.m': 0, '8 p.m': 0, '9 p.m': 0, '10 p.m': 0}","{'5 a.m': 0, '6 a.m': 60, '7 a.m': 77, '8 a.m': 80, '9 a.m': 72, '10 a.m': 60, '11 a.m': 47, '12 p.m': 37, '1 p.m': 25, '2 p.m': 12, '3 p.m': 2, '4 p.m': 2, '5 p.m': 2, '6 p.m': 2, '7 p.m': 0, '8 p.m': 0, '9 p.m': 0, '10 p.m': 0}",{}
ChIJRdo8D8o0K4gRn2jZdtejfK0,Tim Hortons,"70 Gerrard St W, Toronto, ON M5G 1J5, Canada","{'10 a.m': 95, '4 a.m': 0, '5 a.m': 36, '6 a.m': 56, '7 a.m': 75, '8 a.m': 89, '9 a.m': 97, '11 a.m': 86, '12 p.m': 74, '1 p.m': 62, '2 p.m': 56, '3 p.m': 57, '4 p.m': 62, '5 p.m': 65, '6 p.m': 63, '7 p.m': 53, '8 p.m': 38, '9 p.m': 21}","{'4 a.m': 0, '5 a.m': 44, '6 a.m': 57, '7 a.m': 62, '8 a.m': 65, '9 a.m': 72, '10 a.m': 82, '11 a.m': 90, '12 p.m': 92, '1 p.m': 90, '2 p.m': 86, '3 p.m': 81, '4 p.m': 77, '5 p.m': 73, '6 p.m': 66, '7 p.m': 56, '8 p.m': 44, '9 p.m': 31}","{'4 a.m': 0, '5 a.m': 29, '6 a.m': 43, '7 a.m': 55, '8 a.m': 67, '9 a.m': 75, '10 a.m': 81, '11 a.m': 85, '12 p.m': 86, '1 p.m': 84, '2 p.m': 80, '3 p.m': 75, '4 p.m': 69, '5 p.m': 65, '6 p.m': 62, '7 p.m': 59, '8 p.m': 51, '9 p.m': 38}","{'4 a.m': 0, '5 a.m': 37, '6 a.m': 55, '7 a.m': 74, '8 a.m': 89, '9 a.m': 98, '10 a.m': 100, '11 a.m': 96, '12 p.m': 89, '1 p.m': 81, '2 p.m': 75, '3 p.m': 71, '4 p.m': 68, '5 p.m': 63, '6 p.m': 54, '7 p.m': 43, '8 p.m': 28, '9 p.m': 15}","{'4 a.m': 0, '5 a.m': 26, '6 a.m': 50, '7 a.m': 69, '8 a.m': 76, '9 a.m': 74, '10 a.m': 66, '11 a.m': 61, '12 p.m': 63, '1 p.m': 69, '2 p.m': 76, '3 p.m': 81, '4 p.m': 82, '5 p.m': 78, '6 p.m': 70, '7 p.m': 58, '8 p.m': 45, '9 p.m': 31}","{'4 a.m': 0, '5 a.m': 34, '6 a.m': 54, '7 a.m': 73, '8 a.m': 86, '9 a.m': 91, '10 a.m': 88, '11 a.m': 78, '12 p.m': 67, '1 p.m': 57, '2 p.m': 53, '3 p.m': 54, '4 p.m': 58, '5 p.m': 60, '6 p.m': 58, '7 p.m': 51, '8 p.m': 40, '9 p.m': 27}","{'4 a.m': 0, '5 a.m': 29, '6 a.m': 40, '7 a.m': 48, '8 a.m': 53, '9 a.m': 59, '10 a.m': 65, '11 a.m': 68, '12 p.m': 68, '1 p.m': 63, '2 p.m': 57, '3 p.m': 57, '4 p.m': 63, '5 p.m': 73, '6 p.m': 79, '7 p.m': 76, '8 p.m': 64, '9 p.m': 44}"
ChIJg3WwfsQ0K4gR4rgms8A2ZeM,Tim Hortons,"477 Dundas St W, Toronto, ON M5T 1H1, Canada","{'11 a.m': 52, '5 a.m': 0, '6 a.m': 15, '7 a.m': 50, '8 a.m': 59, '9 a.m': 37, '10 a.m': 37, '12 p.m': 61, '1 p.m': 57, '2 p.m': 44, '3 p.m': 36, '4 p.m': 41, '5 p.m': 52, '6 p.m': 52, '7 p.m': 36, '8 p.m': 16, '9 p.m': 5, '10 p.m': 0}","{'5 a.m': 0, '6 a.m': 20, '7 a.m': 42, '8 a.m': 51, '9 a.m': 46, '10 a.m': 48, '11 a.m': 60, '12 p.m': 71, '1 p.m': 71, '2 p.m': 62, '3 p.m': 58, '4 p.m': 63, '5 p.m': 70, '6 p.m': 64, '7 p.m': 45, '8 p.m': 23, '9 p.m': 8, '10 p.m': 2}","{'5 a.m': 0, '6 a.m': 22, '7 a.m': 56, '8 a.m': 81, '9 a.m': 76, '10 a.m': 69, '11 a.m': 78, '12 p.m': 84, '1 p.m': 73, '2 p.m': 56, '3 p.m': 49, '4 p.m': 52, '5 p.m': 53, '6 p.m': 46, '7 p.m': 31, '8 p.m': 17, '9 p.m': 7, '10 p.m': 3}","{'5 a.m': 0, '6 a.m': 25, '7 a.m': 68, '8 a.m': 90, '9 a.m': 64, '10 a.m': 39, '11 a.m': 47, '12 p.m': 64, '1 p.m': 67, '2 p.m': 60, '3 p.m': 63, '4 p.m': 75, '5 p.m': 79, '6 p.m': 67, '7 p.m': 45, '8 p.m': 23, '9 p.m': 9, '10 p.m': 3}","{'5 a.m': 0, '6 a.m': 11, '7 a.m': 54, '8 a.m': 100, '9 a.m': 79, '10 a.m': 51, '11 a.m': 58, '12 p.m': 71, '1 p.m': 72, '2 p.m': 64, '3 p.m': 59, '4 p.m': 59, '5 p.m': 59, '6 p.m': 51, '7 p.m': 37, '8 p.m': 21, '9 p.m': 10, '10 p.m': 4}","{'5 a.m': 0, '6 a.m': 14, '7 a.m': 89, '8 a.m': 84, '9 a.m': 22, '10 a.m': 30, '11 a.m': 58, '12 p.m': 80, '1 p.m': 81, '2 p.m': 64, '3 p.m': 49, '4 p.m': 43, '5 p.m': 44, '6 p.m': 44, '7 p.m': 39, '8 p.m': 30, '9 p.m': 20, '10 p.m': 12}","{'5 a.m': 0, '6 a.m': 14, '7 a.m': 37, '8 a.m': 48, '9 a.m': 35, '10 a.m': 35, '11 a.m': 71, '12 p.m': 81, '1 p.m': 63, '2 p.m': 65, '3 p.m': 75, '4 p.m': 75, '5 p.m': 67, '6 p.m': 51, '7 p.m': 35, '8 p.m': 21, '9 p.m': 11, '10 p.m': 5}"
ChIJcfAUD9M0K4gRaEg0EJkSGKo,Tim Hortons,"55 York St, Toronto, ON M5J 1R7, Canada","{'10 a.m': 74, '5 a.m': 0, '6 a.m': 6, '7 a.m': 16, '8 a.m': 32, '9 a.m': 54, '11 a.m': 80, '12 p.m': 74, '1 p.m': 58, '2 p.m': 35, '3 p.m': 19, '4 p.m': 19, '5 p.m': 51, '6 p.m': 100, '7 p.m': 93, '8 p.m': 41, '9 p.m': 9, '10 p.m': 0}","{'5 a.m': 0, '6 a.m': 19, '7 a.m': 32, '8 a.m': 45, '9 a.m': 51, '10 a.m': 51, '11 a.m': 45, '12 p.m': 32, '1 p.m': 25, '2 p.m': 25, '3 p.m': 38, '4 p.m': 58, '5 p.m': 70, '6 p.m': 67, '7 p.m': 48, '8 p.m': 25, '9 p.m': 12, '10 p.m': 0}","{'5 a.m': 0, '6 a.m': 19, '7 a.m': 38, '8 a.m': 64, '9 a.m': 87, '10 a.m': 100, '11 a.m': 96, '12 p.m': 77, '1 p.m': 51, '2 p.m': 32, '3 p.m': 19, '4 p.m': 22, '5 p.m': 35, '6 p.m': 45, '7 p.m': 45, '8 p.m': 32, '9 p.m': 16, '10 p.m': 0}","{'5 a.m': 0, '6 a.m': 9, '7 a.m': 32, '8 a.m': 64, '9 a.m': 80, '10 a.m': 70, '11 a.m': 58, '12 p.m': 54, '1 p.m': 61, '2 p.m': 64, '3 p.m': 64, '4 p.m': 58, '5 p.m': 51, '6 p.m': 48, '7 p.m': 38, '8 p.m': 32, '9 p.m': 22, '10 p.m': 0}","{'5 a.m': 0, '6 a.m': 12, '7 a.m': 22, '8 a.m': 38, '9 a.m': 51, '10 a.m': 61, '11 a.m': 61, '12 p.m': 51, '1 p.m': 35, '2 p.m': 25, '3 p.m': 22, '4 p.m': 32, '5 p.m': 48, '6 p.m': 48, '7 p.m': 32, '8 p.m': 48, '9 p.m': 61, '10 p.m': 0}","{'5 a.m': 0, '6 a.m': 19, '7 a.m': 35, '8 a.m': 54, '9 a.m': 67, '10 a.m': 67, '11 a.m': 54, '12 p.m': 35, '1 p.m': 22, '2 p.m': 19, '3 p.m': 22, '4 p.m': 29, '5 p.m': 38, '6 p.m': 45, '7 p.m': 51, '8 p.m': 51, '9 p.m': 38, '10 p.m': 0}","{'5 a.m': 0, '6 a.m': 19, '7 a.m': 29, '8 a.m': 41, '9 a.m': 58, '10 a.m': 70, '11 a.m': 80, '12 p.m': 87, '1 p.m': 87, '2 p.m': 80, '3 p.m': 67, '4 p.m': 54, '5 p.m': 41, '6 p.m': 35, '7 p.m': 45, '8 p.m': 51, '9 p.m': 32, '10 p.m': 0}"
ChIJPaAzSLE0K4gRPzVWkITBTfY,Tim Hortons,"56 Wellesley St W Unit 104, Toronto, ON M5S 2S3, Canada","{'11 a.m': 47, '4 a.m': 0, '5 a.m': 0, '6 a.m': 7, '7 a.m': 17, '8 a.m': 28, '9 a.m': 38, '10 a.m': 45, '12 p.m': 47, '1 p.m': 44, '2 p.m': 42, '3 p.m': 42, '4 p.m': 42, '5 p.m': 41, '6 p.m': 36, '7 p.m': 29, '8 p.m': 19, '9 p.m': 10, '10 p.m': 0}","{'4 a.m': 0, '5 a.m': 0, '6 a.m': 29, '7 a.m': 49, '8 a.m': 64, '9 a.m': 73, '10 a.m': 75, '11 a.m': 71, '12 p.m': 65, '1 p.m': 57, '2 p.m': 52, '3 p.m': 49, '4 p.m': 45, '5 p.m': 40, '6 p.m': 33, '7 p.m': 24, '8 p.m': 15, '9 p.m': 6, '10 p.m': 0}","{'4 a.m': 0, '5 a.m': 0, '6 a.m': 49, '7 a.m': 63, '8 a.m': 67, '9 a.m': 67, '10 a.m': 69, '11 a.m': 75, '12 p.m': 78, '1 p.m': 74, '2 p.m': 64, '3 p.m': 52, '4 p.m': 46, '5 p.m': 47, '6 p.m': 48, '7 p.m': 39, '8 p.m': 22, '9 p.m': 4, '10 p.m': 0}","{'4 a.m': 0, '5 a.m': 0, '6 a.m': 34, '7 a.m': 59, '8 a.m': 81, '9 a.m': 92, '10 a.m': 87, '11 a.m': 73, '12 p.m': 58, '1 p.m': 48, '2 p.m': 46, '3 p.m': 50, '4 p.m': 53, '5 p.m': 53, '6 p.m': 47, '7 p.m': 37, '8 p.m': 24, '9 p.m': 12, '10 p.m': 0}","{'4 a.m': 0, '5 a.m': 0, '6 a.m': 46, '7 a.m': 69, '8 a.m': 88, '9 a.m': 100, '10 a.m': 99, '11 a.m': 88, '12 p.m': 73, '1 p.m': 60, '2 p.m': 52, '3 p.m': 49, '4 p.m': 50, '5 p.m': 49, '6 p.m': 44, '7 p.m': 35, '8 p.m': 24, '9 p.m': 13, '10 p.m': 0}","{'4 a.m': 0, '5 a.m': 0, '6 a.m': 44, '7 a.m': 73, '8 a.m': 84, '9 a.m': 77, '10 a.m': 69, '11 a.m': 66, '12 p.m': 63, '1 p.m': 60, '2 p.m': 55, '3 p.m': 51, '4 p.m': 46, '5 p.m': 40, '6 p.m': 33, '7 p.m': 25, '8 p.m': 17, '9 p.m': 11, '10 p.m': 0}","{'4 a.m': 0, '5 a.m': 0, '6 a.m': 9, '7 a.m': 15, '8 a.m': 22, '9 a.m': 29, '10 a.m': 36, '11 a.m': 41, '12 p.m': 42, '1 p.m': 41, '2 p.m': 38, '3 p.m': 34, '4 p.m': 31, '5 p.m': 31, '6 p.m': 30, '7 p.m': 27, '8 p.m': 22, '9 p.m': 14, '10 p.m': 0}"
ChIJU-xIALI0K4gR0eyZLILU1Xw,Tim Hortons,"663 Yonge St, Toronto, ON M4Y 1Z9, Canada","{'10 a.m': 37, '5 a.m': 0, '6 a.m': 18, '7 a.m': 68, '8 a.m': 56, '9 a.m': 37, '11 a.m': 43, '12 p.m': 43, '1 p.m': 43, '2 p.m': 37, '3 p.m': 37, '4 p.m': 31, '5 p.m': 25, '6 p.m': 18, '7 p.m': 0, '8 p.m': 0, '9 p.m': 0, '10 p.m': 0}","{'5 a.m': 0, '6 a.m': 18, '7 a.m': 56, '8 a.m': 93, '9 a.m': 100, '10 a.m': 68, '11 a.m': 43, '12 p.m': 43, '1 p.m': 68, '2 p.m': 81, '3 p.m': 62, '4 p.m': 31, '5 p.m': 25, '6 p.m': 37, '7 p.m': 0, '8 p.m': 0, '9 p.m': 0, '10 p.m': 0}","{'5 a.m': 0, '6 a.m': 12, '7 a.m': 31, '8 a.m': 50, '9 a.m': 62, '10 a.m': 68, '11 a.m': 68, '12 p.m': 68, '1 p.m': 68, '2 p.m': 56, '3 p.m': 43, '4 p.m': 43, '5 p.m': 81, '6 p.m': 93, '7 p.m': 0, '8 p.m': 0, '9 p.m': 0, '10 p.m': 0}","{'5 a.m': 0, '6 a.m': 25, '7 a.m': 62, '8 a.m': 75, '9 a.m': 68, '10 a.m': 75, '11 a.m': 75, '12 p.m': 68, '1 p.m': 50, '2 p.m': 31, '3 p.m': 18, '4 p.m': 12, '5 p.m': 43, '6 p.m': 43, '7 p.m': 0, '8 p.m': 0, '9 p.m': 0, '10 p.m': 0}","{'5 a.m': 0, '6 a.m': 12, '7 a.m': 31, '8 a.m': 31, '9 a.m': 18, '10 a.m': 12, '11 a.m': 43, '12 p.m': 87, '1 p.m': 75, '2 p.m': 31, '3 p.m': 25, '4 p.m': 37, '5 p.m': 50, '6 p.m': 50, '7 p.m': 0, '8 p.m': 0, '9 p.m': 0, '10 p.m': 0}","{'5 a.m': 0, '6 a.m': 12, '7 a.m': 50, '8 a.m': 62, '9 a.m': 25, '10 a.m': 18, '11 a.m': 43, '12 p.m': 56, '1 p.m': 50, '2 p.m': 37, '3 p.m': 50, '4 p.m': 68, '5 p.m': 68, '6 p.m': 50, '7 p.m': 0, '8 p.m': 0, '9 p.m': 0, '10 p.m': 0}","{'5 a.m': 0, '6 a.m': 0, '7 a.m': 18, '8 a.m': 56, '9 a.m': 56, '10 a.m': 31, '11 a.m': 31, '12 p.m': 37, '1 p.m': 43, '2 p.m': 50, '3 p.m': 50, '4 p.m': 50, '5 p.m': 43, '6 p.m': 37, '7 p.m': 0, '8 p.m': 0, '9 p.m': 0, '10 p.m': 0}"
ChIJ7YAIlrM0K4gR-kFykOR3hqw,Tim Hortons,"555 Yonge St, Toronto, ON M4Y 3A6, Canada","{'10 a.m': 51, '6 a.m': 0, '7 a.m': 30, '8 a.m': 44, '9 a.m': 48, '11 a.m': 60, '12 p.m': 69, '1 p.m': 67, '2 p.m': 54, '3 p.m': 38, '4 p.m': 0, '5 p.m': 0, '6 p.m': 0, '7 p.m': 0, '8 p.m': 0, '9 p.m': 0, '10 p.m': 0, '11 p.m': 0}","{'5 a.m': 0, '6 a.m': 13, '7 a.m': 38, '8 a.m': 63, '9 a.m': 68, '10 a.m': 64, '11 a.m': 61, '12 p.m': 60, '1 p.m': 53, '2 p.m': 44, '3 p.m': 35, '4 p.m': 34, '5 p.m': 44, '6 p.m': 56, '7 p.m': 56, '8 p.m': 40, '9 p.m': 17, '10 p.m': 0}","{'5 a.m': 0, '6 a.m': 36, '7 a.m': 66, '8 a.m': 78, '9 a.m': 72, '10 a.m': 65, '11 a.m': 66, '12 p.m': 66, '1 p.m': 58, '2 p.m': 46, '3 p.m': 37, '4 p.m': 34, '5 p.m': 36, '6 p.m': 38, '7 p.m': 35, '8 p.m': 28, '9 p.m': 19, '10 p.m': 0}","{'5 a.m': 0, '6 a.m': 52, '7 a.m': 81, '8 a.m': 81, '9 a.m': 63, '10 a.m': 57, '11 a.m': 68, '12 p.m': 77, '1 p.m': 72, '2 p.m': 55, '3 p.m': 38, '4 p.m': 32, '5 p.m': 35, '6 p.m': 41, '7 p.m': 43, '8 p.m': 38, '9 p.m': 27, '10 p.m': 0}","{'5 a.m': 0, '6 a.m': 33, '7 a.m': 66, '8 a.m': 86, '9 a.m': 86, '10 a.m': 77, '11 a.m': 77, '12 p.m': 83, '1 p.m': 85, '2 p.m': 77, '3 p.m': 61, '4 p.m': 46, '5 p.m': 39, '6 p.m': 39, '7 p.m': 41, '8 p.m': 38, '9 p.m': 28, '10 p.m': 0}","{'5 a.m': 0, '6 a.m': 32, '7 a.m': 75, '8 a.m': 100, '9 a.m': 87, '10 a.m': 72, '11 a.m': 81, '12 p.m': 91, '1 p.m': 77, '2 p.m': 54, '3 p.m': 44, '4 p.m': 51, '5 p.m': 61, '6 p.m': 61, '7 p.m': 50, '8 p.m': 31, '9 p.m': 14, '10 p.m': 0}","{'6 a.m': 0, '7 a.m': 22, '8 a.m': 24, '9 a.m': 43, '10 a.m': 61, '11 a.m': 64, '12 p.m': 52, '1 p.m': 38, '2 p.m': 29, '3 p.m': 25, '4 p.m': 0, '5 p.m': 0, '6 p.m': 0, '7 p.m': 0, '8 p.m': 0, '9 p.m': 0, '10 p.m': 0, '11 p.m': 0}"
ChIJ3eveSVPL1IkRac5efNeMomw,Tim Hortons,"175 Bloor St E, Toronto, ON M4W 3R8, Canada","{'10 a.m': 70, '5 a.m': 0, '6 a.m': 6, '7 a.m': 17, '8 a.m': 38, '9 a.m': 60, '11 a.m': 64, '12 p.m': 47, '1 p.m': 32, '2 p.m': 31, '3 p.m': 40, '4 p.m': 45, '5 p.m': 40, '6 p.m': 37, '7 p.m': 40, '8 p.m': 25, '9 p.m': 6, '10 p.m': 0}","{'5 a.m': 0, '6 a.m': 27, '7 a.m': 44, '8 a.m': 61, '9 a.m': 71, '10 a.m': 70, '11 a.m': 58, '12 p.m': 43, '1 p.m': 28, '2 p.m': 22, '3 p.m': 24, '4 p.m': 33, '5 p.m': 42, '6 p.m': 44, '7 p.m': 37, '8 p.m': 25, '9 p.m': 12, '10 p.m': 0}","{'5 a.m': 0, '6 a.m': 24, '7 a.m': 100, '8 a.m': 25, '9 a.m': 34, '10 a.m': 42, '11 a.m': 46, '12 p.m': 43, '1 p.m': 35, '2 p.m': 26, '3 p.m': 20, '4 p.m': 20, '5 p.m': 26, '6 p.m': 34, '7 p.m': 36, '8 p.m': 30, '9 p.m': 17, '10 p.m': 0}","{'5 a.m': 0, '6 a.m': 18, '7 a.m': 57, '8 a.m': 60, '9 a.m': 58, '10 a.m': 71, '11 a.m': 71, '12 p.m': 55, '1 p.m': 34, '2 p.m': 22, '3 p.m': 24, '4 p.m': 36, '5 p.m': 52, '6 p.m': 57, '7 p.m': 48, '8 p.m': 30, '9 p.m': 14, '10 p.m': 0}","{'5 a.m': 0, '6 a.m': 7, '7 a.m': 20, '8 a.m': 38, '9 a.m': 56, '10 a.m': 66, '11 a.m': 61, '12 p.m': 46, '1 p.m': 32, '2 p.m': 25, '3 p.m': 25, '4 p.m': 29, '5 p.m': 33, '6 p.m': 34, '7 p.m': 31, '8 p.m': 25, '9 p.m': 17, '10 p.m': 0}","{'5 a.m': 0, '6 a.m': 14, '7 a.m': 37, '8 a.m': 37, '9 a.m': 38, '10 a.m': 47, '11 a.m': 51, '12 p.m': 49, '1 p.m': 44, '2 p.m': 38, '3 p.m': 37, '4 p.m': 38, '5 p.m': 40, '6 p.m': 37, '7 p.m': 32, '8 p.m': 23, '9 p.m': 14, '10 p.m': 0}","{'5 a.m': 0, '6 a.m': 7, '7 a.m': 20, '8 a.m': 38, '9 a.m': 57, '10 a.m': 68, '11 a.m': 64, '12 p.m': 47, '1 p.m': 31, '2 p.m': 25, '3 p.m': 32, '4 p.m': 47, '5 p.m': 57, '6 p.m': 55, '7 p.m': 41, '8 p.m': 23, '9 p.m': 9, '10 p.m': 0}"
ChIJHeYziq40K4gR_LCcUyF9JL0,Tim Hortons,"1170 Bay St., Toronto, ON M5S 2B4, Canada","{'6 a.m': 0, '7 a.m': 26, '8 a.m': 41, '9 a.m': 54, '10 a.m': 61, '11 a.m': 59, '12 p.m': 51, '1 p.m': 45, '2 p.m': 45, '3 p.m': 52, '4 p.m': 63, '5 p.m': 70, '6 p.m': 68, '7 p.m': 56, '8 p.m': 39, '9 p.m': 0, '10 p.m': 0, '11 p.m': 0}","{'5 a.m': 0, '6 a.m': 32, '7 a.m': 50, '8 a.m': 66, '9 a.m': 77, '10 a.m': 81, '11 a.m': 81, '12 p.m': 80, '1 p.m': 80, '2 p.m': 80, '3 p.m': 75, '4 p.m': 65, '5 p.m': 51, '6 p.m': 38, '7 p.m': 28, '8 p.m': 19, '9 p.m': 0, '10 p.m': 0}","{'5 a.m': 0, '6 a.m': 50, '7 a.m': 56, '8 a.m': 60, '9 a.m': 66, '10 a.m': 74, '11 a.m': 75, '12 p.m': 70, '1 p.m': 63, '2 p.m': 58, '3 p.m': 58, '4 p.m': 60, '5 p.m': 61, '6 p.m': 56, '7 p.m': 45, '8 p.m': 31, '9 p.m': 0, '10 p.m': 0}","{'5 a.m': 0, '6 a.m': 47, '7 a.m': 62, '8 a.m': 62, '9 a.m': 74, '10 a.m': 91, '11 a.m': 100, '12 p.m': 96, '1 p.m': 86, '2 p.m': 73, '3 p.m': 63, '4 p.m': 59, '5 p.m': 56, '6 p.m': 51, '7 p.m': 42, '8 p.m': 29, '9 p.m': 0, '10 p.m': 0}","{'5 a.m': 0, '6 a.m': 50, '7 a.m': 79, '8 a.m': 97, '9 a.m': 95, '10 a.m': 76, '11 a.m': 57, '12 p.m': 58, '1 p.m': 75, '2 p.m': 77, '3 p.m': 59, '4 p.m': 50, '5 p.m': 60, '6 p.m': 69, '7 p.m': 60, '8 p.m': 37, '9 p.m': 0, '10 p.m': 0}","{'5 a.m': 0, '6 a.m': 29, '7 a.m': 46, '8 a.m': 60, '9 a.m': 67, '10 a.m': 65, '11 a.m': 59, '12 p.m': 54, '1 p.m': 51, '2 p.m': 49, '3 p.m': 44, '4 p.m': 39, '5 p.m': 42, '6 p.m': 53, '7 p.m': 61, '8 p.m': 49, '9 p.m': 0, '10 p.m': 0}","{'5 a.m': 0, '6 a.m': 15, '7 a.m': 27, '8 a.m': 40, '9 a.m': 50, '10 a.m': 55, '11 a.m': 59, '12 p.m': 65, '1 p.m': 75, '2 p.m': 83, '3 p.m': 86, '4 p.m': 80, '5 p.m': 67, '6 p.m': 55, '7 p.m': 44, '8 p.m': 33, '9 p.m': 0, '10 p.m': 0}"
ChIJAQ_RhlPL1IkR6QyQAt1WSsc,Tim Hortons,"419 Bloor St E, Toronto, ON M4W 1H7, Canada","{'11 a.m': 16, '4 a.m': 0, '5 a.m': 0, '6 a.m': 30, '7 a.m': 30, '8 a.m': 16, '9 a.m': 5, '10 a.m': 5, '12 p.m': 19, '1 p.m': 11, '2 p.m': 2, '3 p.m': 2, '4 p.m': 2, '5 p.m': 8, '6 p.m': 13, '7 p.m': 19, '8 p.m': 19, '9 p.m': 19, '10 p.m': 0}","{'4 a.m': 0, '5 a.m': 0, '6 a.m': 16, '7 a.m': 25, '8 a.m': 30, '9 a.m': 36, '10 a.m': 41, '11 a.m': 63, '12 p.m': 86, '1 p.m': 80, '2 p.m': 58, '3 p.m': 52, '4 p.m': 52, '5 p.m': 52, '6 p.m': 47, '7 p.m': 36, '8 p.m': 25, '9 p.m': 11, '10 p.m': 0}","{'4 a.m': 0, '5 a.m': 0, '6 a.m': 22, '7 a.m': 41, '8 a.m': 61, '9 a.m': 77, '10 a.m': 94, '11 a.m': 100, '12 p.m': 100, '1 p.m': 88, '2 p.m': 77, '3 p.m': 61, '4 p.m': 50, '5 p.m': 38, '6 p.m': 33, '7 p.m': 30, '8 p.m': 27, '9 p.m': 25, '10 p.m': 0}","{'4 a.m': 0, '5 a.m': 0, '6 a.m': 30, '7 a.m': 50, '8 a.m': 66, '9 a.m': 77, '10 a.m': 83, '11 a.m': 80, '12 p.m': 75, '1 p.m': 63, '2 p.m': 55, '3 p.m': 47, '4 p.m': 41, '5 p.m': 36, '6 p.m': 30, '7 p.m': 25, '8 p.m': 19, '9 p.m': 11, '10 p.m': 0}","{'4 a.m': 0, '5 a.m': 0, '6 a.m': 30, '7 a.m': 50, '8 a.m': 69, '9 a.m': 83, '10 a.m': 88, '11 a.m': 86, '12 p.m': 77, '1 p.m': 63, '2 p.m': 52, '3 p.m': 44, '4 p.m': 41, '5 p.m': 41, '6 p.m': 41, '7 p.m': 41, '8 p.m': 36, '9 p.m': 25, '10 p.m': 0}","{'4 a.m': 0, '5 a.m': 0, '6 a.m': 13, '7 a.m': 22, '8 a.m': 27, '9 a.m': 33, '10 a.m': 38, '11 a.m': 44, '12 p.m': 52, '1 p.m': 58, '2 p.m': 58, '3 p.m': 52, '4 p.m': 44, '5 p.m': 36, '6 p.m': 33, '7 p.m': 33, '8 p.m': 36, '9 p.m': 33, '10 p.m': 0}","{'4 a.m': 0, '5 a.m': 0, '6 a.m': 11, '7 a.m': 25, '8 a.m': 36, '9 a.m': 44, '10 a.m': 47, '11 a.m': 41, '12 p.m': 30, '1 p.m': 19, '2 p.m': 13, '3 p.m': 11, '4 p.m': 13, '5 p.m': 16, '6 p.m': 22, '7 p.m': 25, '8 p.m': 27, '9 p.m': 25, '10 p.m': 0}"
ChIJJYPgm7w0K4gRcHLkGIzlDUc,Tim Hortons,"246 Bloor St W, Toronto, ON M5S 1V4, Canada","{'11 a.m': 38, '4 a.m': 0, '5 a.m': 2, '6 a.m': 5, '7 a.m': 9, '8 a.m': 15, '9 a.m': 23, '10 a.m': 32, '12 p.m': 42, '1 p.m': 42, '2 p.m': 38, '3 p.m': 32, '4 p.m': 28, '5 p.m': 28, '6 p.m': 28, '7 p.m': 23, '8 p.m': 14, '9 p.m': 5, '10 p.m': 0}","{'4 a.m': 0, '5 a.m': 5, '6 a.m': 13, '7 a.m': 25, '8 a.m': 38, '9 a.m': 46, '10 a.m': 48, '11 a.m': 48, '12 p.m': 51, '1 p.m': 55, '2 p.m': 51, '3 p.m': 44, '4 p.m': 39, '5 p.m': 38, '6 p.m': 33, '7 p.m': 23, '8 p.m': 11, '9 p.m': 4, '10 p.m': 0}","{'4 a.m': 0, '5 a.m': 2, '6 a.m': 11, '7 a.m': 32, '8 a.m': 57, '9 a.m': 63, '10 a.m': 48, '11 a.m': 42, '12 p.m': 63, '1 p.m': 75, '2 p.m': 55, '3 p.m': 40, '4 p.m': 40, '5 p.m': 40, '6 p.m': 34, '7 p.m': 25, '8 p.m': 15, '9 p.m': 7, '10 p.m': 3}","{'4 a.m': 0, '5 a.m': 3, '6 a.m': 9, '7 a.m': 19, '8 a.m': 34, '9 a.m': 48, '10 a.m': 58, '11 a.m': 59, '12 p.m': 53, '1 p.m': 46, '2 p.m': 42, '3 p.m': 42, '4 p.m': 42, '5 p.m': 40, '6 p.m': 35, '7 p.m': 26, '8 p.m': 18, '9 p.m': 11, '10 p.m': 0}","{'4 a.m': 0, '5 a.m': 2, '6 a.m': 11, '7 a.m': 29, '8 a.m': 53, '9 a.m': 63, '10 a.m': 57, '11 a.m': 61, '12 p.m': 85, '1 p.m': 100, '2 p.m': 82, '3 p.m': 51, '4 p.m': 36, '5 p.m': 39, '6 p.m': 40, '7 p.m': 30, '8 p.m': 17, '9 p.m': 6, '10 p.m': 0}","{'4 a.m': 0, '5 a.m': 7, '6 a.m': 15, '7 a.m': 26, '8 a.m': 37, '9 a.m': 42, '10 a.m': 42, '11 a.m': 40, '12 p.m': 40, '1 p.m': 44, '2 p.m': 47, '3 p.m': 48, '4 p.m': 44, '5 p.m': 38, '6 p.m': 29, '7 p.m': 21, '8 p.m': 13, '9 p.m': 7, '10 p.m': 3}","{'4 a.m': 0, '5 a.m': 3, '6 a.m': 9, '7 a.m': 19, '8 a.m': 24, '9 a.m': 25, '10 a.m': 29, '11 a.m': 39, '12 p.m': 50, '1 p.m': 56, '2 p.m': 52, '3 p.m': 42, '4 p.m': 30, '5 p.m': 23, '6 p.m': 22, '7 p.m': 23, '8 p.m': 19, '9 p.m': 12, '10 p.m': 5}"
ChIJHeYziq40K4gREZu8pI-2WGw,Tim Hortons,"769 Yonge St, Toronto, ON M4W 2G4, Canada","{'11 a.m': 30, '4 a.m': 0, '5 a.m': 1, '6 a.m': 1, '7 a.m': 3, '8 a.m': 7, '9 a.m': 11, '10 a.m': 18, '12 p.m': 49, '1 p.m': 74, '2 p.m': 92, '3 p.m': 93, '4 p.m': 77, '5 p.m': 53, '6 p.m': 36, '7 p.m': 29, '8 p.m': 24, '9 p.m': 15, '10 p.m': 5}","{'4 a.m': 0, '5 a.m': 1, '6 a.m': 11, '7 a.m': 29, '8 a.m': 32, '9 a.m': 22, '10 a.m': 22, '11 a.m': 29, '12 p.m': 36, '1 p.m': 40, '2 p.m': 41, '3 p.m': 37, '4 p.m': 32, '5 p.m': 25, '6 p.m': 18, '7 p.m': 12, '8 p.m': 8, '9 p.m': 5, '10 p.m': 2}","{'4 a.m': 0, '5 a.m': 8, '6 a.m': 21, '7 a.m': 32, '8 a.m': 35, '9 a.m': 30, '10 a.m': 25, '11 a.m': 26, '12 p.m': 32, '1 p.m': 40, '2 p.m': 45, '3 p.m': 45, '4 p.m': 41, '5 p.m': 34, '6 p.m': 26, '7 p.m': 20, '8 p.m': 13, '9 p.m': 8, '10 p.m': 5}","{'4 a.m': 0, '5 a.m': 6, '6 a.m': 17, '7 a.m': 31, '8 a.m': 41, '9 a.m': 43, '10 a.m': 35, '11 a.m': 26, '12 p.m': 27, '1 p.m': 37, '2 p.m': 54, '3 p.m': 63, '4 p.m': 60, '5 p.m': 45, '6 p.m': 27, '7 p.m': 13, '8 p.m': 6, '9 p.m': 3, '10 p.m': 3}","{'4 a.m': 0, '5 a.m': 7, '6 a.m': 15, '7 a.m': 26, '8 a.m': 35, '9 a.m': 35, '10 a.m': 30, '11 a.m': 29, '12 p.m': 37, '1 p.m': 51, '2 p.m': 63, '3 p.m': 67, '4 p.m': 60, '5 p.m': 46, '6 p.m': 31, '7 p.m': 20, '8 p.m': 11, '9 p.m': 7, '10 p.m': 6}","{'4 a.m': 0, '5 a.m': 12, '6 a.m': 24, '7 a.m': 35, '8 a.m': 43, '9 a.m': 44, '10 a.m': 43, '11 a.m': 43, '12 p.m': 45, '1 p.m': 50, '2 p.m': 54, '3 p.m': 53, '4 p.m': 48, '5 p.m': 40, '6 p.m': 31, '7 p.m': 24, '8 p.m': 17, '9 p.m': 12, '10 p.m': 8}","{'4 a.m': 0, '5 a.m': 1, '6 a.m': 3, '7 a.m': 7, '8 a.m': 12, '9 a.m': 16, '10 a.m': 21, '11 a.m': 29, '12 p.m': 41, '1 p.m': 65, '2 p.m': 91, '3 p.m': 100, '4 p.m': 82, '5 p.m': 50, '6 p.m': 24, '7 p.m': 11, '8 p.m': 7, '9 p.m': 1, '10 p.m': 1}"
ChIJQYa4K6w0K4gRWex8DUl7bkQ,Tim Hortons,"2 Bloor St E, Toronto, ON M4W 1A8, Canada","{'5 a.m': 0, '6 a.m': 24, '7 a.m': 37, '8 a.m': 33, '9 a.m': 27, '10 a.m': 38, '11 a.m': 61, '12 p.m': 70, '1 p.m': 55, '2 p.m': 42, '3 p.m': 55, '4 p.m': 64, '5 p.m': 35, '6 p.m': 9, '7 p.m': 0, '8 p.m': 0, '9 p.m': 0, '10 p.m': 0}","{'5 a.m': 0, '6 a.m': 7, '7 a.m': 38, '8 a.m': 88, '9 a.m': 100, '10 a.m': 68, '11 a.m': 55, '12 p.m': 62, '1 p.m': 57, '2 p.m': 48, '3 p.m': 62, '4 p.m': 88, '5 p.m': 74, '6 p.m': 33, '7 p.m': 0, '8 p.m': 0, '9 p.m': 0, '10 p.m': 0}","{'5 a.m': 0, '6 a.m': 16, '7 a.m': 33, '8 a.m': 46, '9 a.m': 48, '10 a.m': 44, '11 a.m': 53, '12 p.m': 74, '1 p.m': 85, '2 p.m': 83, '3 p.m': 75, '4 p.m': 59, '5 p.m': 33, '6 p.m': 11, '7 p.m': 0, '8 p.m': 0, '9 p.m': 0, '10 p.m': 0}","{'5 a.m': 0, '6 a.m': 14, '7 a.m': 33, '8 a.m': 57, '9 a.m': 72, '10 a.m': 72, '11 a.m': 55, '12 p.m': 40, '1 p.m': 44, '2 p.m': 72, '3 p.m': 98, '4 p.m': 88, '5 p.m': 53, '6 p.m': 20, '7 p.m': 0, '8 p.m': 0, '9 p.m': 0, '10 p.m': 0}","{'5 a.m': 0, '6 a.m': 7, '7 a.m': 18, '8 a.m': 35, '9 a.m': 55, '10 a.m': 72, '11 a.m': 79, '12 p.m': 70, '1 p.m': 55, '2 p.m': 48, '3 p.m': 61, '4 p.m': 74, '5 p.m': 51, '6 p.m': 18, '7 p.m': 0, '8 p.m': 0, '9 p.m': 0, '10 p.m': 0}",{},{}
ChIJl2Zkh4_L1IkRA1NaHSee7Fc,Tim Hortons,"175 Dundas St E, Toronto, ON M5A 1Z4, Canada","{'9 a.m': 87, '5 a.m': 0, '6 a.m': 41, '7 a.m': 57, '8 a.m': 74, '10 a.m': 95, '11 a.m': 96, '12 p.m': 91, '1 p.m': 80, '2 p.m': 64, '3 p.m': 54, '4 p.m': 56, '5 p.m': 76, '6 p.m': 97, '7 p.m': 94, '8 p.m': 62, '9 p.m': 24, '10 p.m': 0}","{'5 a.m': 0, '6 a.m': 24, '7 a.m': 49, '8 a.m': 75, '9 a.m': 91, '10 a.m': 95, '11 a.m': 85, '12 p.m': 72, '1 p.m': 62, '2 p.m': 57, '3 p.m': 56, '4 p.m': 57, '5 p.m': 56, '6 p.m': 52, '7 p.m': 47, '8 p.m': 38, '9 p.m': 28, '10 p.m': 0}","{'5 a.m': 0, '6 a.m': 35, '7 a.m': 54, '8 a.m': 70, '9 a.m': 84, '10 a.m': 94, '11 a.m': 97, '12 p.m': 94, '1 p.m': 82, '2 p.m': 64, '3 p.m': 49, '4 p.m': 47, '5 p.m': 62, '6 p.m': 81, '7 p.m': 80, '8 p.m': 55, '9 p.m': 22, '10 p.m': 0}","{'5 a.m': 0, '6 a.m': 42, '7 a.m': 60, '8 a.m': 75, '9 a.m': 87, '10 a.m': 96, '11 a.m': 100, '12 p.m': 96, '1 p.m': 85, '2 p.m': 70, '3 p.m': 56, '4 p.m': 50, '5 p.m': 58, '6 p.m': 72, '7 p.m': 77, '8 p.m': 63, '9 p.m': 37, '10 p.m': 0}","{'5 a.m': 0, '6 a.m': 49, '7 a.m': 70, '8 a.m': 83, '9 a.m': 83, '10 a.m': 75, '11 a.m': 67, '12 p.m': 61, '1 p.m': 57, '2 p.m': 51, '3 p.m': 42, '4 p.m': 36, '5 p.m': 43, '6 p.m': 62, '7 p.m': 75, '8 p.m': 68, '9 p.m': 42, '10 p.m': 0}","{'5 a.m': 0, '6 a.m': 36, '7 a.m': 54, '8 a.m': 71, '9 a.m': 83, '10 a.m': 85, '11 a.m': 80, '12 p.m': 67, '1 p.m': 55, '2 p.m': 49, '3 p.m': 55, '4 p.m': 71, '5 p.m': 89, '6 p.m': 92, '7 p.m': 80, '8 p.m': 55, '9 p.m': 31, '10 p.m': 0}","{'5 a.m': 0, '6 a.m': 41, '7 a.m': 57, '8 a.m': 74, '9 a.m': 87, '10 a.m': 95, '11 a.m': 97, '12 p.m': 91, '1 p.m': 81, '2 p.m': 65, '3 p.m': 49, '4 p.m': 40, '5 p.m': 43, '6 p.m': 63, '7 p.m': 78, '8 p.m': 65, '9 p.m': 32, '10 p.m': 0}"
ChIJpzigsH3L1IkRFfne2wTd3VU,Tim Hortons,"26 Dundas St E, Toronto, ON M5B 2L6, Canada",{'7 a.m': 6},{},{},{},{},{},{}
ChIJ8ex6zco0K4gRjLZu7rhWN9s,Tim Hortons,"10 Dundas St E Suite 104, Toronto, ON M5B 2G8, Canada",{'5 a.m': 8},{},{},{},{},{},{}
ChIJB0WBZzrL1IkReal_H7OJdzI,Tim Hortons,"176 Front St E, Toronto, ON M5A 1E6, Canada","{'8 a.m': 15, '5 a.m': 0, '6 a.m': 12, '7 a.m': 12, '9 a.m': 18, '10 a.m': 24, '11 a.m': 33, '12 p.m': 36, '1 p.m': 39, '2 p.m': 33, '3 p.m': 24, '4 p.m': 18, '5 p.m': 12, '6 p.m': 6, '7 p.m': 3, '8 p.m': 0, '9 p.m': 0, '10 p.m': 0}","{'5 a.m': 0, '6 a.m': 12, '7 a.m': 24, '8 a.m': 33, '9 a.m': 42, '10 a.m': 45, '11 a.m': 45, '12 p.m': 39, '1 p.m': 33, '2 p.m': 24, '3 p.m': 21, '4 p.m': 18, '5 p.m': 18, '6 p.m': 15, '7 p.m': 12, '8 p.m': 0, '9 p.m': 0, '10 p.m': 0}","{'5 a.m': 0, '6 a.m': 15, '7 a.m': 39, '8 a.m': 63, '9 a.m': 63, '10 a.m': 54, '11 a.m': 63, '12 p.m': 84, '1 p.m': 100, '2 p.m': 87, '3 p.m': 60, '4 p.m': 33, '5 p.m': 15, '6 p.m': 6, '7 p.m': 3, '8 p.m': 0, '9 p.m': 0, '10 p.m': 0}","{'5 a.m': 0, '6 a.m': 9, '7 a.m': 36, '8 a.m': 69, '9 a.m': 75, '10 a.m': 66, '11 a.m': 75, '12 p.m': 72, '1 p.m': 48, '2 p.m': 27, '3 p.m': 21, '4 p.m': 18, '5 p.m': 15, '6 p.m': 12, '7 p.m': 6, '8 p.m': 0, '9 p.m': 0, '10 p.m': 0}","{'5 a.m': 0, '6 a.m': 9, '7 a.m': 36, '8 a.m': 66, '9 a.m': 66, '10 a.m': 45, '11 a.m': 75, '12 p.m': 75, '1 p.m': 27, '2 p.m': 30, '3 p.m': 42, '4 p.m': 54, '5 p.m': 57, '6 p.m': 54, '7 p.m': 45, '8 p.m': 0, '9 p.m': 0, '10 p.m': 0}","{'5 a.m': 0, '6 a.m': 9, '7 a.m': 15, '8 a.m': 27, '9 a.m': 42, '10 a.m': 57, '11 a.m': 69, '12 p.m': 78, '1 p.m': 75, '2 p.m': 66, '3 p.m': 51, '4 p.m': 36, '5 p.m': 24, '6 p.m': 15, '7 p.m': 9, '8 p.m': 0, '9 p.m': 0, '10 p.m': 0}","{'5 a.m': 0, '6 a.m': 3, '7 a.m': 3, '8 a.m': 15, '9 a.m': 33, '10 a.m': 42, '11 a.m': 36, '12 p.m': 27, '1 p.m': 33, '2 p.m': 45, '3 p.m': 42, '4 p.m': 33, '5 p.m': 24, '6 p.m': 21, '7 p.m': 21, '8 p.m': 0, '9 p.m': 0, '10 p.m': 0}"
ChIJ4WI43C_L1IkRa4UXlmNVXgs,Tim Hortons,"77 Lower Jarvis St, Toronto, ON M5E 1N1, Canada","{'8 a.m': 27, '5 a.m': 0, '6 a.m': 3, '7 a.m': 11, '9 a.m': 43, '10 a.m': 48, '11 a.m': 44, '12 p.m': 38, '1 p.m': 38, '2 p.m': 39, '3 p.m': 39, '4 p.m': 36, '5 p.m': 32, '6 p.m': 25, '7 p.m': 19, '8 p.m': 0, '9 p.m': 0, '10 p.m': 0}","{'5 a.m': 0, '6 a.m': 11, '7 a.m': 33, '8 a.m': 63, '9 a.m': 82, '10 a.m': 77, '11 a.m': 63, '12 p.m': 55, '1 p.m': 46, '2 p.m': 33, '3 p.m': 23, '4 p.m': 26, '5 p.m': 31, '6 p.m': 0, '7 p.m': 0, '8 p.m': 0, '9 p.m': 0, '10 p.m': 0}","{'5 a.m': 0, '6 a.m': 12, '7 a.m': 36, '8 a.m': 66, '9 a.m': 77, '10 a.m': 63, '11 a.m': 41, '12 p.m': 31, '1 p.m': 30, '2 p.m': 29, '3 p.m': 26, '4 p.m': 25, '5 p.m': 26, '6 p.m': 25, '7 p.m': 20, '8 p.m': 0, '9 p.m': 0, '10 p.m': 0}","{'5 a.m': 0, '6 a.m': 18, '7 a.m': 45, '8 a.m': 74, '9 a.m': 79, '10 a.m': 58, '11 a.m': 38, '12 p.m': 48, '1 p.m': 45, '2 p.m': 26, '3 p.m': 23, '4 p.m': 24, '5 p.m': 22, '6 p.m': 20, '7 p.m': 16, '8 p.m': 0, '9 p.m': 0, '10 p.m': 0}","{'5 a.m': 0, '6 a.m': 5, '7 a.m': 12, '8 a.m': 49, '9 a.m': 100, '10 a.m': 62, '11 a.m': 40, '12 p.m': 44, '1 p.m': 47, '2 p.m': 48, '3 p.m': 44, '4 p.m': 39, '5 p.m': 32, '6 p.m': 24, '7 p.m': 16, '8 p.m': 0, '9 p.m': 0, '10 p.m': 0}","{'5 a.m': 0, '6 a.m': 10, '7 a.m': 43, '8 a.m': 82, '9 a.m': 74, '10 a.m': 41, '11 a.m': 30, '12 p.m': 33, '1 p.m': 38, '2 p.m': 39, '3 p.m': 35, '4 p.m': 29, '5 p.m': 21, '6 p.m': 13, '7 p.m': 7, '8 p.m': 0, '9 p.m': 0, '10 p.m': 0}","{'5 a.m': 0, '6 a.m': 1, '7 a.m': 15, '8 a.m': 39, '9 a.m': 55, '10 a.m': 47, '11 a.m': 32, '12 p.m': 29, '1 p.m': 35, '2 p.m': 33, '3 p.m': 25, '4 p.m': 25, '5 p.m': 34, '6 p.m': 34, '7 p.m': 21, '8 p.m': 0, '9 p.m': 0, '10 p.m': 0}"
ChIJzQaiozXL1IkRpzcwykmW4pE,Tim Hortons,"241 Church St, Toronto, ON M5B 1Z4, Canada",{'5 a.m': 6},{},{},{},{},{},{}
ChIJv25bjpnL1IkRRJ9Z20fFyms,Tim Hortons,"21 Harbour St, Toronto, ON M5J 2Y4, Canada",{'5 a.m': 9},{},{},{},{},{},{}
ChIJvSQrSNHL1IkRc5uGpQI0Bmc,Tim Hortons,"The PATH - Maple Leaf Square, Toronto, ON M5J 2J3, Canada",{},{},{},{},{},{},{}
ChIJOb2NOCTL1IkRw4H22JSrkZI,Tim Hortons,"51 Dockside Dr, Toronto, ON M5A 0B6, Canada",{'5 a.m': 7},{},{},{},{},{},{}
ChIJN43LGy7L1IkRwhaHHBw1y0s,Tim Hortons,"55 Front St E, Toronto, ON M5E 1B5, Canada","{'11 a.m': 25, '6 a.m': 0, '7 a.m': 1, '8 a.m': 11, '9 a.m': 24, '10 a.m': 30, '12 p.m': 25, '1 p.m': 30, '2 p.m': 37, '3 p.m': 40, '4 p.m': 40, '5 p.m': 35, '6 p.m': 29, '7 p.m': 22, '8 p.m': 14, '9 p.m': 8, '10 p.m': 3, '11 p.m': 0}","{'5 a.m': 0, '6 a.m': 27, '7 a.m': 50, '8 a.m': 58, '9 a.m': 46, '10 a.m': 32, '11 a.m': 29, '12 p.m': 32, '1 p.m': 33, '2 p.m': 33, '3 p.m': 32, '4 p.m': 29, '5 p.m': 24, '6 p.m': 17, '7 p.m': 12, '8 p.m': 8, '9 p.m': 0, '10 p.m': 0}","{'5 a.m': 0, '6 a.m': 20, '7 a.m': 72, '8 a.m': 45, '9 a.m': 14, '10 a.m': 19, '11 a.m': 25, '12 p.m': 30, '1 p.m': 30, '2 p.m': 27, '3 p.m': 22, '4 p.m': 20, '5 p.m': 19, '6 p.m': 17, '7 p.m': 14, '8 p.m': 12, '9 p.m': 9, '10 p.m': 6}","{'5 a.m': 0, '6 a.m': 25, '7 a.m': 100, '8 a.m': 77, '9 a.m': 33, '10 a.m': 35, '11 a.m': 37, '12 p.m': 33, '1 p.m': 27, '2 p.m': 20, '3 p.m': 17, '4 p.m': 16, '5 p.m': 16, '6 p.m': 16, '7 p.m': 14, '8 p.m': 12, '9 p.m': 11, '10 p.m': 8}","{'5 a.m': 0, '6 a.m': 14, '7 a.m': 48, '8 a.m': 74, '9 a.m': 61, '10 a.m': 46, '11 a.m': 50, '12 p.m': 43, '1 p.m': 25, '2 p.m': 12, '3 p.m': 11, '4 p.m': 12, '5 p.m': 12, '6 p.m': 12, '7 p.m': 12, '8 p.m': 9, '9 p.m': 8, '10 p.m': 4}","{'5 a.m': 0, '6 a.m': 37, '7 a.m': 80, '8 a.m': 66, '9 a.m': 40, '10 a.m': 41, '11 a.m': 43, '12 p.m': 37, '1 p.m': 27, '2 p.m': 22, '3 p.m': 22, '4 p.m': 24, '5 p.m': 25, '6 p.m': 24, '7 p.m': 22, '8 p.m': 17, '9 p.m': 12, '10 p.m': 9}","{'6 a.m': 0, '7 a.m': 11, '8 a.m': 14, '9 a.m': 17, '10 a.m': 19, '11 a.m': 24, '12 p.m': 35, '1 p.m': 46, '2 p.m': 40, '3 p.m': 24, '4 p.m': 17, '5 p.m': 16, '6 p.m': 14, '7 p.m': 9, '8 p.m': 3, '9 p.m': 1, '10 p.m': 0, '11 p.m': 0}"
ChIJcQGmZDLL1IkRUftlAxboh6Q,Tim Hortons,"18 King St E Suite 105, Toronto, ON M5C 1C4, Canada","{'11 a.m': 64, '5 a.m': 0, '6 a.m': 43, '7 a.m': 50, '8 a.m': 49, '9 a.m': 52, '10 a.m': 60, '12 p.m': 58, '1 p.m': 45, '2 p.m': 33, '3 p.m': 29, '4 p.m': 32, '5 p.m': 34, '6 p.m': 33, '7 p.m': 27, '8 p.m': 19, '9 p.m': 10, '10 p.m': 3}","{'4 a.m': 0, '5 a.m': 29, '6 a.m': 67, '7 a.m': 86, '8 a.m': 64, '9 a.m': 40, '10 a.m': 43, '11 a.m': 61, '12 p.m': 67, '1 p.m': 55, '2 p.m': 38, '3 p.m': 30, '4 p.m': 31, '5 p.m': 33, '6 p.m': 33, '7 p.m': 29, '8 p.m': 21, '9 p.m': 12, '10 p.m': 6}","{'4 a.m': 0, '5 a.m': 31, '6 a.m': 61, '7 a.m': 68, '8 a.m': 57, '9 a.m': 53, '10 a.m': 59, '11 a.m': 63, '12 p.m': 61, '1 p.m': 56, '2 p.m': 53, '3 p.m': 53, '4 p.m': 53, '5 p.m': 49, '6 p.m': 41, '7 p.m': 29, '8 p.m': 18, '9 p.m': 9, '10 p.m': 3}","{'4 a.m': 0, '5 a.m': 39, '6 a.m': 83, '7 a.m': 100, '8 a.m': 79, '9 a.m': 61, '10 a.m': 61, '11 a.m': 61, '12 p.m': 55, '1 p.m': 47, '2 p.m': 42, '3 p.m': 41, '4 p.m': 42, '5 p.m': 41, '6 p.m': 36, '7 p.m': 29, '8 p.m': 20, '9 p.m': 12, '10 p.m': 6}","{'4 a.m': 0, '5 a.m': 19, '6 a.m': 60, '7 a.m': 87, '8 a.m': 75, '9 a.m': 67, '10 a.m': 70, '11 a.m': 70, '12 p.m': 63, '1 p.m': 54, '2 p.m': 48, '3 p.m': 47, '4 p.m': 47, '5 p.m': 45, '6 p.m': 40, '7 p.m': 32, '8 p.m': 22, '9 p.m': 13, '10 p.m': 6}","{'4 a.m': 0, '5 a.m': 43, '6 a.m': 87, '7 a.m': 76, '8 a.m': 58, '9 a.m': 64, '10 a.m': 74, '11 a.m': 76, '12 p.m': 71, '1 p.m': 64, '2 p.m': 58, '3 p.m': 54, '4 p.m': 54, '5 p.m': 54, '6 p.m': 51, '7 p.m': 44, '8 p.m': 33, '9 p.m': 21, '10 p.m': 11}","{'4 a.m': 0, '5 a.m': 40, '6 a.m': 66, '7 a.m': 81, '8 a.m': 80, '9 a.m': 69, '10 a.m': 63, '11 a.m': 62, '12 p.m': 63, '1 p.m': 60, '2 p.m': 53, '3 p.m': 44, '4 p.m': 38, '5 p.m': 43, '6 p.m': 55, '7 p.m': 64, '8 p.m': 56, '9 p.m': 35, '10 p.m': 16}"
ChIJn4_UWS3L1IkR-pF930hyqPo,Tim Hortons,"40 King St W, Toronto, ON M5H 3Y2, Canada","{'5 a.m': 0, '6 a.m': 4, '7 a.m': 4, '8 a.m': 4, '9 a.m': 4, '10 a.m': 4, '11 a.m': 4, '12 p.m': 4, '1 p.m': 4, '2 p.m': 4, '3 p.m': 4, '4 p.m': 0, '5 p.m': 0, '6 p.m': 0, '7 p.m': 0, '8 p.m': 0, '9 p.m': 0, '10 p.m': 0}","{'5 a.m': 0, '6 a.m': 4, '7 a.m': 4, '8 a.m': 4, '9 a.m': 23, '10 a.m': 33, '11 a.m': 42, '12 p.m': 38, '1 p.m': 23, '2 p.m': 9, '3 p.m': 4, '4 p.m': 4, '5 p.m': 0, '6 p.m': 0, '7 p.m': 0, '8 p.m': 0, '9 p.m': 0, '10 p.m': 0}","{'5 a.m': 0, '6 a.m': 0, '7 a.m': 4, '8 a.m': 9, '9 a.m': 42, '10 a.m': 76, '11 a.m': 100, '12 p.m': 90, '1 p.m': 57, '2 p.m': 23, '3 p.m': 4, '4 p.m': 4, '5 p.m': 0, '6 p.m': 0, '7 p.m': 0, '8 p.m': 0, '9 p.m': 0, '10 p.m': 0}","{'5 a.m': 0, '6 a.m': 14, '7 a.m': 33, '8 a.m': 52, '9 a.m': 61, '10 a.m': 61, '11 a.m': 47, '12 p.m': 33, '1 p.m': 14, '2 p.m': 4, '3 p.m': 4, '4 p.m': 4, '5 p.m': 0, '6 p.m': 0, '7 p.m': 0, '8 p.m': 0, '9 p.m': 0, '10 p.m': 0}","{'5 a.m': 0, '6 a.m': 4, '7 a.m': 9, '8 a.m': 19, '9 a.m': 23, '10 a.m': 23, '11 a.m': 19, '12 p.m': 9, '1 p.m': 4, '2 p.m': 4, '3 p.m': 4, '4 p.m': 14, '5 p.m': 0, '6 p.m': 0, '7 p.m': 0, '8 p.m': 0, '9 p.m': 0, '10 p.m': 0}",{},{}
ChIJoUteqlrL1IkRS7ODKh-jDzg,Tim Hortons,"581 Parliament St, Toronto, ON M4X 1P7, Canada","{'11 a.m': 33, '4 a.m': 0, '5 a.m': 0, '6 a.m': 4, '7 a.m': 8, '8 a.m': 13, '9 a.m': 14, '10 a.m': 20, '12 p.m': 47, '1 p.m': 47, '2 p.m': 32, '3 p.m': 14, '4 p.m': 10, '5 p.m': 29, '6 p.m': 69, '7 p.m': 100, '8 p.m': 85, '9 p.m': 44, '10 p.m': 11}","{'4 a.m': 0, '5 a.m': 0, '6 a.m': 2, '7 a.m': 8, '8 a.m': 14, '9 a.m': 25, '10 a.m': 35, '11 a.m': 45, '12 p.m': 54, '1 p.m': 60, '2 p.m': 58, '3 p.m': 54, '4 p.m': 47, '5 p.m': 44, '6 p.m': 55, '7 p.m': 73, '8 p.m': 70, '9 p.m': 41, '10 p.m': 13}","{'4 a.m': 0, '5 a.m': 0, '6 a.m': 10, '7 a.m': 35, '8 a.m': 11, '9 a.m': 7, '10 a.m': 17, '11 a.m': 30, '12 p.m': 45, '1 p.m': 57, '2 p.m': 60, '3 p.m': 57, '4 p.m': 52, '5 p.m': 54, '6 p.m': 61, '7 p.m': 63, '8 p.m': 51, '9 p.m': 30, '10 p.m': 11}","{'4 a.m': 0, '5 a.m': 0, '6 a.m': 5, '7 a.m': 13, '8 a.m': 23, '9 a.m': 35, '10 a.m': 50, '11 a.m': 63, '12 p.m': 73, '1 p.m': 76, '2 p.m': 73, '3 p.m': 63, '4 p.m': 51, '5 p.m': 48, '6 p.m': 73, '7 p.m': 97, '8 p.m': 70, '9 p.m': 23, '10 p.m': 2}","{'4 a.m': 0, '5 a.m': 0, '6 a.m': 10, '7 a.m': 19, '8 a.m': 29, '9 a.m': 42, '10 a.m': 55, '11 a.m': 67, '12 p.m': 73, '1 p.m': 75, '2 p.m': 69, '3 p.m': 58, '4 p.m': 45, '5 p.m': 38, '6 p.m': 50, '7 p.m': 85, '8 p.m': 97, '9 p.m': 58, '10 p.m': 16}","{'4 a.m': 0, '5 a.m': 0, '6 a.m': 7, '7 a.m': 22, '8 a.m': 14, '9 a.m': 20, '10 a.m': 33, '11 a.m': 45, '12 p.m': 52, '1 p.m': 50, '2 p.m': 41, '3 p.m': 30, '4 p.m': 27, '5 p.m': 38, '6 p.m': 57, '7 p.m': 73, '8 p.m': 67, '9 p.m': 45, '10 p.m': 22}","{'4 a.m': 0, '5 a.m': 0, '6 a.m': 1, '7 a.m': 4, '8 a.m': 10, '9 a.m': 17, '10 a.m': 26, '11 a.m': 39, '12 p.m': 50, '1 p.m': 50, '2 p.m': 38, '3 p.m': 22, '4 p.m': 17, '5 p.m': 32, '6 p.m': 61, '7 p.m': 86, '8 p.m': 86, '9 p.m': 63, '10 p.m': 32}"
ChIJbeu4m0vL1IkRmNwVXwudskA,Tim Hortons,"111 Carlton St, Toronto, ON M5B 2G3, Canada","{'9 a.m': 45, '5 a.m': 0, '6 a.m': 12, '7 a.m': 22, '8 a.m': 32, '10 a.m': 52, '11 a.m': 55, '12 p.m': 52, '1 p.m': 47, '2 p.m': 42, '3 p.m': 40, '4 p.m': 40, '5 p.m': 40, '6 p.m': 37, '7 p.m': 30, '8 p.m': 20, '9 p.m': 0, '10 p.m': 0}","{'5 a.m': 0, '6 a.m': 35, '7 a.m': 80, '8 a.m': 37, '9 a.m': 32, '10 a.m': 50, '11 a.m': 60, '12 p.m': 57, '1 p.m': 42, '2 p.m': 27, '3 p.m': 17, '4 p.m': 17, '5 p.m': 27, '6 p.m': 37, '7 p.m': 37, '8 p.m': 27, '9 p.m': 0, '10 p.m': 0}","{'5 a.m': 0, '6 a.m': 52, '7 a.m': 60, '8 a.m': 32, '9 a.m': 30, '10 a.m': 37, '11 a.m': 47, '12 p.m': 52, '1 p.m': 55, '2 p.m': 52, '3 p.m': 47, '4 p.m': 42, '5 p.m': 40, '6 p.m': 42, '7 p.m': 52, '8 p.m': 47, '9 p.m': 0, '10 p.m': 0}","{'5 a.m': 0, '6 a.m': 97, '7 a.m': 75, '8 a.m': 60, '9 a.m': 72, '10 a.m': 80, '11 a.m': 77, '12 p.m': 67, '1 p.m': 52, '2 p.m': 40, '3 p.m': 32, '4 p.m': 32, '5 p.m': 35, '6 p.m': 37, '7 p.m': 37, '8 p.m': 35, '9 p.m': 0, '10 p.m': 0}","{'5 a.m': 0, '6 a.m': 52, '7 a.m': 95, '8 a.m': 82, '9 a.m': 87, '10 a.m': 100, '11 a.m': 90, '12 p.m': 67, '1 p.m': 50, '2 p.m': 45, '3 p.m': 47, '4 p.m': 50, '5 p.m': 52, '6 p.m': 47, '7 p.m': 40, '8 p.m': 30, '9 p.m': 0, '10 p.m': 0}","{'5 a.m': 0, '6 a.m': 57, '7 a.m': 80, '8 a.m': 57, '9 a.m': 50, '10 a.m': 57, '11 a.m': 57, '12 p.m': 50, '1 p.m': 37, '2 p.m': 30, '3 p.m': 25, '4 p.m': 27, '5 p.m': 30, '6 p.m': 32, '7 p.m': 32, '8 p.m': 27, '9 p.m': 0, '10 p.m': 0}","{'5 a.m': 0, '6 a.m': 20, '7 a.m': 40, '8 a.m': 35, '9 a.m': 17, '10 a.m': 15, '11 a.m': 25, '12 p.m': 30, '1 p.m': 30, '2 p.m': 25, '3 p.m': 22, '4 p.m': 30, '5 p.m': 45, '6 p.m': 55, '7 p.m': 50, '8 p.m': 35, '9 p.m': 0, '10 p.m': 0}"
ChIJhScszVPL1IkRw0fuN585J5U,Tim Hortons,"563 Sherbourne St, Toronto, ON M4X 1W7, Canada","{'9 a.m': 81, '5 a.m': 0, '6 a.m': 11, '7 a.m': 35, '8 a.m': 64, '10 a.m': 72, '11 a.m': 56, '12 p.m': 62, '1 p.m': 83, '2 p.m': 75, '3 p.m': 45, '4 p.m': 36, '5 p.m': 45, '6 p.m': 54, '7 p.m': 50, '8 p.m': 35, '9 p.m': 18, '10 p.m': 0}","{'5 a.m': 0, '6 a.m': 16, '7 a.m': 29, '8 a.m': 43, '9 a.m': 58, '10 a.m': 69, '11 a.m': 74, '12 p.m': 71, '1 p.m': 62, '2 p.m': 51, '3 p.m': 43, '4 p.m': 43, '5 p.m': 51, '6 p.m': 57, '7 p.m': 51, '8 p.m': 36, '9 p.m': 17, '10 p.m': 0}","{'5 a.m': 0, '6 a.m': 20, '7 a.m': 45, '8 a.m': 56, '9 a.m': 49, '10 a.m': 49, '11 a.m': 60, '12 p.m': 65, '1 p.m': 58, '2 p.m': 47, '3 p.m': 45, '4 p.m': 61, '5 p.m': 84, '6 p.m': 95, '7 p.m': 82, '8 p.m': 52, '9 p.m': 23, '10 p.m': 0}","{'5 a.m': 0, '6 a.m': 24, '7 a.m': 87, '8 a.m': 100, '9 a.m': 48, '10 a.m': 30, '11 a.m': 47, '12 p.m': 64, '1 p.m': 68, '2 p.m': 56, '3 p.m': 43, '4 p.m': 42, '5 p.m': 52, '6 p.m': 58, '7 p.m': 49, '8 p.m': 27, '9 p.m': 9, '10 p.m': 0}","{'5 a.m': 0, '6 a.m': 15, '7 a.m': 43, '8 a.m': 69, '9 a.m': 77, '10 a.m': 78, '11 a.m': 82, '12 p.m': 76, '1 p.m': 64, '2 p.m': 55, '3 p.m': 57, '4 p.m': 67, '5 p.m': 74, '6 p.m': 70, '7 p.m': 56, '8 p.m': 37, '9 p.m': 20, '10 p.m': 0}","{'5 a.m': 0, '6 a.m': 38, '7 a.m': 64, '8 a.m': 72, '9 a.m': 64, '10 a.m': 58, '11 a.m': 60, '12 p.m': 60, '1 p.m': 52, '2 p.m': 47, '3 p.m': 45, '4 p.m': 48, '5 p.m': 49, '6 p.m': 43, '7 p.m': 29, '8 p.m': 15, '9 p.m': 4, '10 p.m': 0}","{'5 a.m': 0, '6 a.m': 14, '7 a.m': 49, '8 a.m': 80, '9 a.m': 70, '10 a.m': 48, '11 a.m': 42, '12 p.m': 45, '1 p.m': 48, '2 p.m': 44, '3 p.m': 41, '4 p.m': 38, '5 p.m': 40, '6 p.m': 41, '7 p.m': 38, '8 p.m': 29, '9 p.m': 18, '10 p.m': 0}"
ChIJ3eveSVPL1IkR3YyH6f40hys,Tim Hortons,"250 Bloor St E, Toronto, ON M4W 1E5, Canada",{},{},{},{},{},{},{}
ChIJ3eveSVPL1IkRrk5owb3Otg8,Tim Hortons,"1 Mt Pleasant Rd, Toronto, ON M4Y 2Y5, Canada",{},{},{},{},{},{},{}
ChIJ_zidyGrL1IkRZEBiUYHrYZ0,Tim Hortons,"589 King St E, Toronto, ON M5V 1M1, Canada","{'10 a.m': 51, '5 a.m': 0, '6 a.m': 15, '7 a.m': 26, '8 a.m': 37, '9 a.m': 45, '11 a.m': 53, '12 p.m': 53, '1 p.m': 50, '2 p.m': 45, '3 p.m': 39, '4 p.m': 35, '5 p.m': 36, '6 p.m': 38, '7 p.m': 38, '8 p.m': 31, '9 p.m': 21, '10 p.m': 0}","{'5 a.m': 0, '6 a.m': 22, '7 a.m': 40, '8 a.m': 61, '9 a.m': 80, '10 a.m': 89, '11 a.m': 87, '12 p.m': 77, '1 p.m': 64, '2 p.m': 56, '3 p.m': 54, '4 p.m': 55, '5 p.m': 54, '6 p.m': 48, '7 p.m': 37, '8 p.m': 24, '9 p.m': 12, '10 p.m': 0}","{'5 a.m': 0, '6 a.m': 19, '7 a.m': 40, '8 a.m': 66, '9 a.m': 89, '10 a.m': 100, '11 a.m': 96, '12 p.m': 82, '1 p.m': 68, '2 p.m': 58, '3 p.m': 54, '4 p.m': 52, '5 p.m': 48, '6 p.m': 40, '7 p.m': 29, '8 p.m': 18, '9 p.m': 9, '10 p.m': 0}","{'5 a.m': 0, '6 a.m': 20, '7 a.m': 40, '8 a.m': 64, '9 a.m': 86, '10 a.m': 96, '11 a.m': 95, '12 p.m': 84, '1 p.m': 70, '2 p.m': 59, '3 p.m': 52, '4 p.m': 50, '5 p.m': 53, '6 p.m': 56, '7 p.m': 50, '8 p.m': 35, '9 p.m': 19, '10 p.m': 0}","{'5 a.m': 0, '6 a.m': 24, '7 a.m': 54, '8 a.m': 83, '9 a.m': 95, '10 a.m': 90, '11 a.m': 85, '12 p.m': 86, '1 p.m': 81, '2 p.m': 65, '3 p.m': 46, '4 p.m': 37, '5 p.m': 34, '6 p.m': 33, '7 p.m': 30, '8 p.m': 24, '9 p.m': 18, '10 p.m': 0}","{'5 a.m': 0, '6 a.m': 35, '7 a.m': 70, '8 a.m': 96, '9 a.m': 93, '10 a.m': 74, '11 a.m': 69, '12 p.m': 81, '1 p.m': 85, '2 p.m': 68, '3 p.m': 50, '4 p.m': 42, '5 p.m': 41, '6 p.m': 41, '7 p.m': 38, '8 p.m': 32, '9 p.m': 26, '10 p.m': 0}","{'5 a.m': 0, '6 a.m': 25, '7 a.m': 38, '8 a.m': 52, '9 a.m': 64, '10 a.m': 72, '11 a.m': 75, '12 p.m': 73, '1 p.m': 66, '2 p.m': 58, '3 p.m': 50, '4 p.m': 43, '5 p.m': 39, '6 p.m': 36, '7 p.m': 32, '8 p.m': 27, '9 p.m': 20, '10 p.m': 0}"
ChIJvfad4jnL1IkRt2xD1IWWFfA,Tim Hortons,"323 Richmond St E, Toronto, ON M5A 4R3, Canada","{'10 a.m': 42, '5 a.m': 0, '6 a.m': 14, '7 a.m': 23, '8 a.m': 33, '9 a.m': 39, '11 a.m': 41, '12 p.m': 38, '1 p.m': 33, '2 p.m': 29, '3 p.m': 25, '4 p.m': 24, '5 p.m': 22, '6 p.m': 21, '7 p.m': 20, '8 p.m': 18, '9 p.m': 15, '10 p.m': 0}","{'5 a.m': 0, '6 a.m': 33, '7 a.m': 62, '8 a.m': 74, '9 a.m': 63, '10 a.m': 49, '11 a.m': 43, '12 p.m': 39, '1 p.m': 29, '2 p.m': 19, '3 p.m': 12, '4 p.m': 10, '5 p.m': 14, '6 p.m': 20, '7 p.m': 24, '8 p.m': 25, '9 p.m': 25, '10 p.m': 0}","{'5 a.m': 0, '6 a.m': 41, '7 a.m': 64, '8 a.m': 83, '9 a.m': 95, '10 a.m': 94, '11 a.m': 83, '12 p.m': 66, '1 p.m': 50, '2 p.m': 39, '3 p.m': 33, '4 p.m': 29, '5 p.m': 27, '6 p.m': 25, '7 p.m': 22, '8 p.m': 19, '9 p.m': 15, '10 p.m': 0}","{'5 a.m': 0, '6 a.m': 45, '7 a.m': 73, '8 a.m': 93, '9 a.m': 100, '10 a.m': 92, '11 a.m': 77, '12 p.m': 62, '1 p.m': 52, '2 p.m': 47, '3 p.m': 44, '4 p.m': 41, '5 p.m': 36, '6 p.m': 30, '7 p.m': 24, '8 p.m': 16, '9 p.m': 10, '10 p.m': 0}","{'5 a.m': 0, '6 a.m': 54, '7 a.m': 72, '8 a.m': 79, '9 a.m': 75, '10 a.m': 68, '11 a.m': 63, '12 p.m': 59, '1 p.m': 53, '2 p.m': 42, '3 p.m': 31, '4 p.m': 24, '5 p.m': 21, '6 p.m': 22, '7 p.m': 23, '8 p.m': 22, '9 p.m': 19, '10 p.m': 0}","{'5 a.m': 0, '6 a.m': 59, '7 a.m': 87, '8 a.m': 95, '9 a.m': 82, '10 a.m': 58, '11 a.m': 49, '12 p.m': 53, '1 p.m': 46, '2 p.m': 25, '3 p.m': 10, '4 p.m': 7, '5 p.m': 8, '6 p.m': 10, '7 p.m': 11, '8 p.m': 10, '9 p.m': 8, '10 p.m': 0}","{'5 a.m': 0, '6 a.m': 27, '7 a.m': 41, '8 a.m': 48, '9 a.m': 46, '10 a.m': 40, '11 a.m': 35, '12 p.m': 33, '1 p.m': 34, '2 p.m': 36, '3 p.m': 36, '4 p.m': 33, '5 p.m': 30, '6 p.m': 25, '7 p.m': 20, '8 p.m': 14, '9 p.m': 8, '10 p.m': 0}"
ChIJ5XiPiWjL1IkRU4bz-rI-O2M,Tim Hortons,"547 Gerrard St E, Toronto, ON M4M 1X7, Canada","{'10 a.m': 61, '5 a.m': 0, '6 a.m': 16, '7 a.m': 27, '8 a.m': 40, '9 a.m': 52, '11 a.m': 66, '12 p.m': 68, '1 p.m': 67, '2 p.m': 65, '3 p.m': 62, '4 p.m': 58, '5 p.m': 52, '6 p.m': 46, '7 p.m': 37, '8 p.m': 28, '9 p.m': 19, '10 p.m': 0}","{'5 a.m': 0, '6 a.m': 30, '7 a.m': 54, '8 a.m': 68, '9 a.m': 68, '10 a.m': 63, '11 a.m': 62, '12 p.m': 65, '1 p.m': 69, '2 p.m': 69, '3 p.m': 67, '4 p.m': 64, '5 p.m': 58, '6 p.m': 51, '7 p.m': 44, '8 p.m': 35, '9 p.m': 26, '10 p.m': 0}","{'5 a.m': 0, '6 a.m': 23, '7 a.m': 46, '8 a.m': 68, '9 a.m': 82, '10 a.m': 86, '11 a.m': 81, '12 p.m': 75, '1 p.m': 72, '2 p.m': 72, '3 p.m': 73, '4 p.m': 72, '5 p.m': 67, '6 p.m': 59, '7 p.m': 49, '8 p.m': 38, '9 p.m': 27, '10 p.m': 0}","{'5 a.m': 0, '6 a.m': 35, '7 a.m': 56, '8 a.m': 76, '9 a.m': 90, '10 a.m': 95, '11 a.m': 93, '12 p.m': 85, '1 p.m': 76, '2 p.m': 70, '3 p.m': 66, '4 p.m': 64, '5 p.m': 61, '6 p.m': 55, '7 p.m': 46, '8 p.m': 34, '9 p.m': 22, '10 p.m': 0}","{'5 a.m': 0, '6 a.m': 32, '7 a.m': 55, '8 a.m': 78, '9 a.m': 94, '10 a.m': 100, '11 a.m': 95, '12 p.m': 84, '1 p.m': 72, '2 p.m': 64, '3 p.m': 60, '4 p.m': 59, '5 p.m': 57, '6 p.m': 52, '7 p.m': 45, '8 p.m': 35, '9 p.m': 24, '10 p.m': 0}","{'5 a.m': 0, '6 a.m': 29, '7 a.m': 49, '8 a.m': 68, '9 a.m': 83, '10 a.m': 88, '11 a.m': 85, '12 p.m': 76, '1 p.m': 66, '2 p.m': 59, '3 p.m': 55, '4 p.m': 54, '5 p.m': 52, '6 p.m': 48, '7 p.m': 41, '8 p.m': 31, '9 p.m': 21, '10 p.m': 0}","{'5 a.m': 0, '6 a.m': 20, '7 a.m': 34, '8 a.m': 49, '9 a.m': 61, '10 a.m': 69, '11 a.m': 71, '12 p.m': 68, '1 p.m': 64, '2 p.m': 62, '3 p.m': 63, '4 p.m': 65, '5 p.m': 65, '6 p.m': 58, '7 p.m': 45, '8 p.m': 30, '9 p.m': 16, '10 p.m': 0}"
ChIJ4wIFDkHL1IkRI39sFZH5SZI,Tim Hortons,"69 Regent Park Blvd, Toronto, ON M5A 0K7, Canada","{'11 a.m': 62, '4 a.m': 0, '5 a.m': 0, '6 a.m': 25, '7 a.m': 37, '8 a.m': 47, '9 a.m': 53, '10 a.m': 57, '12 p.m': 69, '1 p.m': 71, '2 p.m': 64, '3 p.m': 53, '4 p.m': 47, '5 p.m': 53, '6 p.m': 64, '7 p.m': 68, '8 p.m': 55, '9 p.m': 33, '10 p.m': 0}","{'4 a.m': 0, '5 a.m': 0, '6 a.m': 20, '7 a.m': 37, '8 a.m': 55, '9 a.m': 67, '10 a.m': 71, '11 a.m': 68, '12 p.m': 59, '1 p.m': 50, '2 p.m': 40, '3 p.m': 34, '4 p.m': 31, '5 p.m': 35, '6 p.m': 42, '7 p.m': 45, '8 p.m': 40, '9 p.m': 27, '10 p.m': 0}","{'4 a.m': 0, '5 a.m': 0, '6 a.m': 35, '7 a.m': 64, '8 a.m': 80, '9 a.m': 74, '10 a.m': 63, '11 a.m': 59, '12 p.m': 55, '1 p.m': 48, '2 p.m': 42, '3 p.m': 38, '4 p.m': 41, '5 p.m': 47, '6 p.m': 53, '7 p.m': 50, '8 p.m': 37, '9 p.m': 20, '10 p.m': 0}","{'4 a.m': 0, '5 a.m': 0, '6 a.m': 21, '7 a.m': 42, '8 a.m': 62, '9 a.m': 70, '10 a.m': 65, '11 a.m': 57, '12 p.m': 55, '1 p.m': 59, '2 p.m': 61, '3 p.m': 57, '4 p.m': 53, '5 p.m': 55, '6 p.m': 67, '7 p.m': 78, '8 p.m': 78, '9 p.m': 63, '10 p.m': 0}","{'4 a.m': 0, '5 a.m': 0, '6 a.m': 24, '7 a.m': 51, '8 a.m': 80, '9 a.m': 99, '10 a.m': 100, '11 a.m': 88, '12 p.m': 74, '1 p.m': 64, '2 p.m': 55, '3 p.m': 43, '4 p.m': 34, '5 p.m': 30, '6 p.m': 32, '7 p.m': 34, '8 p.m': 30, '9 p.m': 20, '10 p.m': 0}","{'4 a.m': 0, '5 a.m': 0, '6 a.m': 23, '7 a.m': 57, '8 a.m': 88, '9 a.m': 93, '10 a.m': 73, '11 a.m': 50, '12 p.m': 40, '1 p.m': 39, '2 p.m': 40, '3 p.m': 41, '4 p.m': 42, '5 p.m': 45, '6 p.m': 46, '7 p.m': 42, '8 p.m': 32, '9 p.m': 19, '10 p.m': 0}","{'4 a.m': 0, '5 a.m': 0, '6 a.m': 33, '7 a.m': 49, '8 a.m': 63, '9 a.m': 73, '10 a.m': 78, '11 a.m': 76, '12 p.m': 67, '1 p.m': 54, '2 p.m': 41, '3 p.m': 36, '4 p.m': 39, '5 p.m': 48, '6 p.m': 56, '7 p.m': 55, '8 p.m': 45, '9 p.m': 29, '10 p.m': 0}"
ChIJi7ufajPL1IkRViaV30FCwv8,Tim Hortons,"2 Queen St E, Toronto, ON M5C 3G7, Canada","{'10 a.m': 44, '5 a.m': 0, '6 a.m': 18, '7 a.m': 31, '8 a.m': 41, '9 a.m': 44, '11 a.m': 42, '12 p.m': 40, '1 p.m': 36, '2 p.m': 30, '3 p.m': 23, '4 p.m': 15, '5 p.m': 8, '6 p.m': 0, '7 p.m': 0, '8 p.m': 0, '9 p.m': 0, '10 p.m': 0}","{'5 a.m': 0, '6 a.m': 27, '7 a.m': 55, '8 a.m': 67, '9 a.m': 57, '10 a.m': 47, '11 a.m': 58, '12 p.m': 80, '1 p.m': 92, '2 p.m': 82, '3 p.m': 59, '4 p.m': 39, '5 p.m': 28, '6 p.m': 25, '7 p.m': 23, '8 p.m': 21, '9 p.m': 17, '10 p.m': 0}","{'5 a.m': 0, '6 a.m': 33, '7 a.m': 65, '8 a.m': 86, '9 a.m': 84, '10 a.m': 71, '11 a.m': 67, '12 p.m': 71, '1 p.m': 76, '2 p.m': 75, '3 p.m': 67, '4 p.m': 57, '5 p.m': 44, '6 p.m': 33, '7 p.m': 25, '8 p.m': 19, '9 p.m': 14, '10 p.m': 0}","{'5 a.m': 0, '6 a.m': 42, '7 a.m': 69, '8 a.m': 82, '9 a.m': 76, '10 a.m': 68, '11 a.m': 69, '12 p.m': 76, '1 p.m': 81, '2 p.m': 80, '3 p.m': 71, '4 p.m': 59, '5 p.m': 46, '6 p.m': 35, '7 p.m': 25, '8 p.m': 17, '9 p.m': 10, '10 p.m': 0}","{'5 a.m': 0, '6 a.m': 31, '7 a.m': 57, '8 a.m': 73, '9 a.m': 78, '10 a.m': 81, '11 a.m': 90, '12 p.m': 100, '1 p.m': 97, '2 p.m': 81, '3 p.m': 58, '4 p.m': 41, '5 p.m': 33, '6 p.m': 32, '7 p.m': 32, '8 p.m': 26, '9 p.m': 17, '10 p.m': 0}","{'5 a.m': 0, '6 a.m': 25, '7 a.m': 54, '8 a.m': 80, '9 a.m': 85, '10 a.m': 76, '11 a.m': 68, '12 p.m': 67, '1 p.m': 67, '2 p.m': 65, '3 p.m': 59, '4 p.m': 51, '5 p.m': 43, '6 p.m': 35, '7 p.m': 27, '8 p.m': 20, '9 p.m': 14, '10 p.m': 0}","{'5 a.m': 0, '6 a.m': 13, '7 a.m': 28, '8 a.m': 35, '9 a.m': 33, '10 a.m': 38, '11 a.m': 46, '12 p.m': 50, '1 p.m': 46, '2 p.m': 36, '3 p.m': 25, '4 p.m': 14, '5 p.m': 7, '6 p.m': 0, '7 p.m': 0, '8 p.m': 0, '9 p.m': 0, '10 p.m': 0}"
ChIJJR6N1GfL1IkR5CpkDkybTi8,Tim Hortons,"14 St Matthews Rd, Toronto, ON M4M 2B5, Canada","{'45 a.m': 6, '6 a.m': 0, '7 a.m': 0, '8 a.m': 10, '9 a.m': 10, '10 a.m': 10, '11 a.m': 20, '12 p.m': 35, '1 p.m': 45, '2 p.m': 55, '3 p.m': 55, '4 p.m': 0, '5 p.m': 0, '6 p.m': 0, '7 p.m': 0, '8 p.m': 0, '9 p.m': 0, '10 p.m': 0, '11 p.m': 0}","{'5 a.m': 0, '6 a.m': 15, '7 a.m': 35, '8 a.m': 45, '9 a.m': 45, '10 a.m': 50, '11 a.m': 60, '12 p.m': 60, '1 p.m': 50, '2 p.m': 35, '3 p.m': 15, '4 p.m': 5, '5 p.m': 0, '6 p.m': 0, '7 p.m': 0, '8 p.m': 0, '9 p.m': 0, '10 p.m': 0}","{'5 a.m': 0, '6 a.m': 20, '7 a.m': 45, '8 a.m': 60, '9 a.m': 60, '10 a.m': 75, '11 a.m': 95, '12 p.m': 100, '1 p.m': 80, '2 p.m': 45, '3 p.m': 20, '4 p.m': 5, '5 p.m': 0, '6 p.m': 0, '7 p.m': 0, '8 p.m': 0, '9 p.m': 0, '10 p.m': 0}","{'5 a.m': 0, '6 a.m': 5, '7 a.m': 20, '8 a.m': 35, '9 a.m': 40, '10 a.m': 35, '11 a.m': 25, '12 p.m': 25, '1 p.m': 30, '2 p.m': 30, '3 p.m': 15, '4 p.m': 5, '5 p.m': 0, '6 p.m': 0, '7 p.m': 0, '8 p.m': 0, '9 p.m': 0, '10 p.m': 0}","{'5 a.m': 0, '6 a.m': 5, '7 a.m': 5, '8 a.m': 15, '9 a.m': 25, '10 a.m': 30, '11 a.m': 25, '12 p.m': 15, '1 p.m': 5, '2 p.m': 5, '3 p.m': 5, '4 p.m': 5, '5 p.m': 0, '6 p.m': 0, '7 p.m': 0, '8 p.m': 0, '9 p.m': 0, '10 p.m': 0}","{'5 a.m': 0, '6 a.m': 20, '7 a.m': 25, '8 a.m': 30, '9 a.m': 35, '10 a.m': 35, '11 a.m': 35, '12 p.m': 30, '1 p.m': 30, '2 p.m': 30, '3 p.m': 40, '4 p.m': 50, '5 p.m': 0, '6 p.m': 0, '7 p.m': 0, '8 p.m': 0, '9 p.m': 0, '10 p.m': 0}","{'6 a.m': 0, '7 a.m': 0, '8 a.m': 25, '9 a.m': 25, '10 a.m': 30, '11 a.m': 30, '12 p.m': 30, '1 p.m': 25, '2 p.m': 20, '3 p.m': 15, '4 p.m': 0, '5 p.m': 0, '6 p.m': 0, '7 p.m': 0, '8 p.m': 0, '9 p.m': 0, '10 p.m': 0, '11 p.m': 0}"
ChIJhXg848w0K4gR3mpb_F6ZJsk,Tim Hortons,"65 Queen St W, Toronto, ON M5H 2M5, Canada","{'8 a.m': 29, '5 a.m': 0, '6 a.m': 4, '7 a.m': 12, '9 a.m': 41, '10 a.m': 54, '11 a.m': 62, '12 p.m': 70, '1 p.m': 70, '2 p.m': 50, '3 p.m': 33, '4 p.m': 25, '5 p.m': 25, '6 p.m': 20, '7 p.m': 12, '8 p.m': 0, '9 p.m': 0, '10 p.m': 0}","{'5 a.m': 0, '6 a.m': 16, '7 a.m': 20, '8 a.m': 20, '9 a.m': 41, '10 a.m': 58, '11 a.m': 58, '12 p.m': 45, '1 p.m': 33, '2 p.m': 29, '3 p.m': 29, '4 p.m': 29, '5 p.m': 25, '6 p.m': 20, '7 p.m': 16, '8 p.m': 0, '9 p.m': 0, '10 p.m': 0}","{'5 a.m': 0, '6 a.m': 8, '7 a.m': 20, '8 a.m': 29, '9 a.m': 33, '10 a.m': 33, '11 a.m': 29, '12 p.m': 29, '1 p.m': 37, '2 p.m': 50, '3 p.m': 54, '4 p.m': 54, '5 p.m': 45, '6 p.m': 33, '7 p.m': 20, '8 p.m': 0, '9 p.m': 0, '10 p.m': 0}","{'5 a.m': 0, '6 a.m': 8, '7 a.m': 16, '8 a.m': 29, '9 a.m': 41, '10 a.m': 50, '11 a.m': 50, '12 p.m': 45, '1 p.m': 37, '2 p.m': 33, '3 p.m': 33, '4 p.m': 33, '5 p.m': 37, '6 p.m': 33, '7 p.m': 25, '8 p.m': 0, '9 p.m': 0, '10 p.m': 0}","{'5 a.m': 0, '6 a.m': 4, '7 a.m': 16, '8 a.m': 54, '9 a.m': 95, '10 a.m': 100, '11 a.m': 66, '12 p.m': 50, '1 p.m': 54, '2 p.m': 58, '3 p.m': 54, '4 p.m': 45, '5 p.m': 33, '6 p.m': 16, '7 p.m': 8, '8 p.m': 0, '9 p.m': 0, '10 p.m': 0}",{},{}
ChIJd1ayK3XL1IkRyz7Ef-Hod2U,Tim Hortons,"829 Lake Shore Blvd E, Toronto, ON M4M 1B2, Canada","{'5 a.m': 0, '6 a.m': 21, '7 a.m': 32, '8 a.m': 42, '9 a.m': 47, '10 a.m': 48, '11 a.m': 51, '12 p.m': 59, '1 p.m': 66, '2 p.m': 64, '3 p.m': 55, '4 p.m': 55, '5 p.m': 66, '6 p.m': 70, '7 p.m': 54, '8 p.m': 29, '9 p.m': 0, '10 p.m': 0}","{'5 a.m': 0, '6 a.m': 36, '7 a.m': 63, '8 a.m': 77, '9 a.m': 69, '10 a.m': 49, '11 a.m': 37, '12 p.m': 38, '1 p.m': 46, '2 p.m': 54, '3 p.m': 56, '4 p.m': 51, '5 p.m': 41, '6 p.m': 28, '7 p.m': 16, '8 p.m': 7, '9 p.m': 0, '10 p.m': 0}","{'5 a.m': 0, '6 a.m': 39, '7 a.m': 69, '8 a.m': 87, '9 a.m': 82, '10 a.m': 67, '11 a.m': 59, '12 p.m': 57, '1 p.m': 49, '2 p.m': 37, '3 p.m': 31, '4 p.m': 33, '5 p.m': 36, '6 p.m': 34, '7 p.m': 27, '8 p.m': 18, '9 p.m': 0, '10 p.m': 0}","{'5 a.m': 0, '6 a.m': 47, '7 a.m': 66, '8 a.m': 69, '9 a.m': 66, '10 a.m': 66, '11 a.m': 68, '12 p.m': 66, '1 p.m': 60, '2 p.m': 55, '3 p.m': 55, '4 p.m': 58, '5 p.m': 57, '6 p.m': 49, '7 p.m': 35, '8 p.m': 19, '9 p.m': 0, '10 p.m': 0}","{'5 a.m': 0, '6 a.m': 68, '7 a.m': 100, '8 a.m': 84, '9 a.m': 76, '10 a.m': 69, '11 a.m': 57, '12 p.m': 54, '1 p.m': 60, '2 p.m': 66, '3 p.m': 69, '4 p.m': 64, '5 p.m': 55, '6 p.m': 42, '7 p.m': 29, '8 p.m': 18, '9 p.m': 0, '10 p.m': 0}","{'5 a.m': 0, '6 a.m': 60, '7 a.m': 99, '8 a.m': 90, '9 a.m': 60, '10 a.m': 51, '11 a.m': 60, '12 p.m': 68, '1 p.m': 70, '2 p.m': 66, '3 p.m': 61, '4 p.m': 59, '5 p.m': 57, '6 p.m': 53, '7 p.m': 42, '8 p.m': 28, '9 p.m': 0, '10 p.m': 0}","{'5 a.m': 0, '6 a.m': 20, '7 a.m': 30, '8 a.m': 39, '9 a.m': 47, '10 a.m': 53, '11 a.m': 55, '12 p.m': 55, '1 p.m': 53, '2 p.m': 50, '3 p.m': 51, '4 p.m': 58, '5 p.m': 64, '6 p.m': 55, '7 p.m': 32, '8 p.m': 11, '9 p.m': 0, '10 p.m': 0}"
213424325432sdfdg,Tim Hortons,"195 Westney Rd S, Ajax, ON L1S 2C9","{'4 a.m': 0, '5 a.m': 0, '6 a.m': 9, '7 a.m': 27, '8 a.m': 52, '9 a.m': 77, '10 a.m': 93, '11 a.m': 93, '12 p.m': 82, '1 p.m': 69, '2 p.m': 59, '3 p.m': 51, '4 p.m': 42, '5 p.m': 33, '6 p.m': 26, '7 p.m': 22, '8 p.m': 18, '9 p.m': 14}","{'4 a.m': 0, '5 a.m': 9, '6 a.m': 20, '7 a.m': 34, '8 a.m': 50, '9 a.m': 64, '10 a.m': 75, '11 a.m': 79, '12 p.m': 75, '1 p.m': 67, '2 p.m': 58, '3 p.m': 50, '4 p.m': 44, '5 p.m': 39, '6 p.m': 35, '7 p.m': 29, '8 p.m': 22, '9 p.m': 14}","{'4 a.m': 0, '5 a.m': 14, '6 a.m': 31, '7 a.m': 52, '8 a.m': 66, '9 a.m': 71, '10 a.m': 69, '11 a.m': 69, '12 p.m': 70, '1 p.m': 70, '2 p.m': 65, '3 p.m': 57, '4 p.m': 50, '5 p.m': 44, '6 p.m': 37, '7 p.m': 28, '8 p.m': 18, '9 p.m': 9}","{'4 a.m': 0, '5 a.m': 14, '6 a.m': 34, '7 a.m': 59, '8 a.m': 79, '9 a.m': 86, '10 a.m': 81, '11 a.m': 73, '12 p.m': 68, '1 p.m': 67, '2 p.m': 67, '3 p.m': 63, '4 p.m': 57, '5 p.m': 47, '6 p.m': 36, '7 p.m': 26, '8 p.m': 16, '9 p.m': 9}","{'4 a.m': 0, '5 a.m': 9, '6 a.m': 24, '7 a.m': 44, '8 a.m': 66, '9 a.m': 83, '10 a.m': '90', '11 a.m': 86, '12 p.m': 75, '1 p.m': 65, '2 p.m': 60, '3 p.m': 57, '4 p.m': 55, '5 p.m': 50, '6 p.m': 43, '7 p.m': 33, '8 p.m': 22, '9 p.m': 13}","{'4 a.m': 0, '5 a.m': 12, '6 a.m': 27, '7 a.m': 47, '8 a.m': 67, '9 a.m': 83, '10 a.m': 90, '11 a.m': 87, '12 p.m': 78, '1 p.m': 67, '2 p.m': 57, '3 p.m': 50, '4 p.m': 43, '5 p.m': 36, '6 p.m': 30, '7 p.m': 25, '8 p.m': 19, '9 p.m': 12}","{'4 a.m': 0, '5 a.m': 3, '6 a.m': 16, '7 a.m': 42, '8 a.m': 72, '9 a.m': 94, '10 a.m': 100, '11 a.m': 99, '12 p.m': 97, '1 p.m': 91, '2 p.m': 78, '3 p.m': 62, '4 p.m': 47, '5 p.m': 37, '6 p.m': 28, '7 p.m': 21, '8 p.m': 15, '9 p.m': 10}"
213424325432sdfdg,Tim Hortons,"195 Westney Rd S, Ajax, ON L1S 2C9","{'4 a.m': 0, '5 a.m': 0, '6 a.m': 9, '7 a.m': 27, '8 a.m': 52, '9 a.m': 77, '10 a.m': 93, '11 a.m': 93, '12 p.m': 82, '1 p.m': 69, '2 p.m': 59, '3 p.m': 51, '4 p.m': 42, '5 p.m': 33, '6 p.m': 26, '7 p.m': 22, '8 p.m': 18, '9 p.m': 14}","{'4 a.m': 0, '5 a.m': 9, '6 a.m': 20, '7 a.m': 34, '8 a.m': 50, '9 a.m': 64, '10 a.m': 75, '11 a.m': 79, '12 p.m': 75, '1 p.m': 67, '2 p.m': 58, '3 p.m': 50, '4 p.m': 44, '5 p.m': '39', '6 p.m': 35, '7 p.m': 29, '8 p.m': 22, '9 p.m': 14}","{'4 a.m': 0, '5 a.m': 14, '6 a.m': 31, '7 a.m': 52, '8 a.m': 66, '9 a.m': 71, '10 a.m': 69, '11 a.m': 69, '12 p.m': 70, '1 p.m': 70, '2 p.m': 65, '3 p.m': 57, '4 p.m': 50, '5 p.m': 44, '6 p.m': 37, '7 p.m': 28, '8 p.m': 18, '9 p.m': 9}","{'4 a.m': 0, '5 a.m': 14, '6 a.m': 34, '7 a.m': 59, '8 a.m': 79, '9 a.m': 86, '10 a.m': 81, '11 a.m': 73, '12 p.m': 68, '1 p.m': 67, '2 p.m': 67, '3 p.m': 63, '4 p.m': 57, '5 p.m': 47, '6 p.m': 36, '7 p.m': 26, '8 p.m': 16, '9 p.m': 9}","{'4 a.m': 0, '5 a.m': 9, '6 a.m': 24, '7 a.m': 44, '8 a.m': 66, '9 a.m': 83, '10 a.m': 90, '11 a.m': 86, '12 p.m': 75, '1 p.m': 65, '2 p.m': 60, '3 p.m': 57, '4 p.m': 55, '5 p.m': 50, '6 p.m': 43, '7 p.m': 33, '8 p.m': 22, '9 p.m': 13}","{'4 a.m': 0, '5 a.m': 12, '6 a.m': 27, '7 a.m': 47, '8 a.m': 67, '9 a.m': 83, '10 a.m': 90, '11 a.m': 87, '12 p.m': 78, '1 p.m': 67, '2 p.m': 57, '3 p.m': 50, '4 p.m': 43, '5 p.m': 36, '6 p.m': 30, '7 p.m': 25, '8 p.m': 19, '9 p.m': 12}","{'4 a.m': 0, '5 a.m': 3, '6 a.m': 16, '7 a.m': 42, '8 a.m': 72, '9 a.m': 94, '10 a.m': 100, '11 a.m': 99, '12 p.m': 97, '1 p.m': 91, '2 p.m': 78, '3 p.m': 62, '4 p.m': 47, '5 p.m': 37, '6 p.m': 28, '7 p.m': 21, '8 p.m': 15, '9 p.m': 10}"
